ISO-10303-21;
HEADER;
FILE_DESCRIPTION(('Open CASCADE Model'),'2;1');
FILE_NAME('Open CASCADE Shape Model','2026-09-28T13:03:55',('Author'),(
    'Open CASCADE'),'Open CASCADE STEP processor 7.9','Open CASCADE 7.9'
  ,'Unknown');
FILE_SCHEMA(('AUTOMOTIVE_DESIGN { 1 0 10303 214 1 1 1 1 }'));
ENDSEC;
DATA;
#1 = APPLICATION_PROTOCOL_DEFINITION('international standard',
  'automotive_design',2000,#2);
#2 = APPLICATION_CONTEXT(
  'core data for automotive mechanical design processes');
#3 = SHAPE_DEFINITION_REPRESENTATION(#4,#10);
#4 = PRODUCT_DEFINITION_SHAPE('','',#5);
#5 = PRODUCT_DEFINITION('design','',#6,#9);
#6 = PRODUCT_DEFINITION_FORMATION('','',#7);
#7 = PRODUCT('Open CASCADE STEP translator 7.9 4',
  'Open CASCADE STEP translator 7.9 4','',(#8));
#8 = PRODUCT_CONTEXT('',#2,'mechanical');
#9 = PRODUCT_DEFINITION_CONTEXT('part definition',#2,'design');
#10 = ADVANCED_BREP_SHAPE_REPRESENTATION('',(#11,#15),#4997);
#11 = AXIS2_PLACEMENT_3D('',#12,#13,#14);
#12 = CARTESIAN_POINT('',(0.,0.,0.));
#13 = DIRECTION('',(0.,0.,1.));
#14 = DIRECTION('',(1.,0.,-0.));
#15 = MANIFOLD_SOLID_BREP('',#16);
#16 = CLOSED_SHELL('',(#17,#165,#435,#490,#494,#549,#553,#652,#928,#1053
    ,#1238,#1402,#1610,#1738,#1831,#2331,#2420,#2567,#2701,#3087,#3146,
    #3176,#3247,#3272,#3299,#3352,#3468,#3516,#3543,#3570,#3597,#3624,
    #3651,#3678,#3705,#3732,#3759,#3788,#3820,#3851,#3883,#3918,#3946,
    #3976,#4025,#4148,#4196,#4222,#4228,#4350,#4398,#4424,#4430,#4457,
    #4529,#4558,#4585,#4621,#4651,#4705,#4782,#4809,#4863,#4890,#4939,
    #4946,#4974,#4988));
#17 = ADVANCED_FACE('',(#18),#32,.F.);
#18 = FACE_BOUND('',#19,.F.);
#19 = EDGE_LOOP('',(#20,#55,#83,#111,#139));
#20 = ORIENTED_EDGE('',*,*,#21,.F.);
#21 = EDGE_CURVE('',#22,#24,#26,.T.);
#22 = VERTEX_POINT('',#23);
#23 = CARTESIAN_POINT('',(-22.,-10.,6.));
#24 = VERTEX_POINT('',#25);
#25 = CARTESIAN_POINT('',(-22.,0.,6.));
#26 = SURFACE_CURVE('',#27,(#31,#43),.PCURVE_S1.);
#27 = LINE('',#28,#29);
#28 = CARTESIAN_POINT('',(-22.,-14.,6.));
#29 = VECTOR('',#30,1.);
#30 = DIRECTION('',(0.,1.,0.));
#31 = PCURVE('',#32,#37);
#32 = PLANE('',#33);
#33 = AXIS2_PLACEMENT_3D('',#34,#35,#36);
#34 = CARTESIAN_POINT('',(-22.,-14.,0.));
#35 = DIRECTION('',(1.,0.,0.));
#36 = DIRECTION('',(0.,0.,1.));
#37 = DEFINITIONAL_REPRESENTATION('',(#38),#42);
#38 = LINE('',#39,#40);
#39 = CARTESIAN_POINT('',(6.,0.));
#40 = VECTOR('',#41,1.);
#41 = DIRECTION('',(0.,-1.));
#42 = ( GEOMETRIC_REPRESENTATION_CONTEXT(2)
PARAMETRIC_REPRESENTATION_CONTEXT() REPRESENTATION_CONTEXT('2D SPACE',''
  ) );
#43 = PCURVE('',#44,#49);
#44 = PLANE('',#45);
#45 = AXIS2_PLACEMENT_3D('',#46,#47,#48);
#46 = CARTESIAN_POINT('',(-22.,-14.,6.));
#47 = DIRECTION('',(0.,0.,1.));
#48 = DIRECTION('',(1.,0.,0.));
#49 = DEFINITIONAL_REPRESENTATION('',(#50),#54);
#50 = LINE('',#51,#52);
#51 = CARTESIAN_POINT('',(0.,0.));
#52 = VECTOR('',#53,1.);
#53 = DIRECTION('',(0.,1.));
#54 = ( GEOMETRIC_REPRESENTATION_CONTEXT(2)
PARAMETRIC_REPRESENTATION_CONTEXT() REPRESENTATION_CONTEXT('2D SPACE',''
  ) );
#55 = ORIENTED_EDGE('',*,*,#56,.F.);
#56 = EDGE_CURVE('',#57,#22,#59,.T.);
#57 = VERTEX_POINT('',#58);
#58 = CARTESIAN_POINT('',(-22.,-10.,0.));
#59 = SURFACE_CURVE('',#60,(#64,#71),.PCURVE_S1.);
#60 = LINE('',#61,#62);
#61 = CARTESIAN_POINT('',(-22.,-10.,0.));
#62 = VECTOR('',#63,1.);
#63 = DIRECTION('',(0.,0.,1.));
#64 = PCURVE('',#32,#65);
#65 = DEFINITIONAL_REPRESENTATION('',(#66),#70);
#66 = LINE('',#67,#68);
#67 = CARTESIAN_POINT('',(0.,-4.));
#68 = VECTOR('',#69,1.);
#69 = DIRECTION('',(1.,0.));
#70 = ( GEOMETRIC_REPRESENTATION_CONTEXT(2)
PARAMETRIC_REPRESENTATION_CONTEXT() REPRESENTATION_CONTEXT('2D SPACE',''
  ) );
#71 = PCURVE('',#72,#77);
#72 = CYLINDRICAL_SURFACE('',#73,4.);
#73 = AXIS2_PLACEMENT_3D('',#74,#75,#76);
#74 = CARTESIAN_POINT('',(-18.,-10.,0.));
#75 = DIRECTION('',(0.,0.,1.));
#76 = DIRECTION('',(-1.,-0.,0.));
#77 = DEFINITIONAL_REPRESENTATION('',(#78),#82);
#78 = LINE('',#79,#80);
#79 = CARTESIAN_POINT('',(0.,0.));
#80 = VECTOR('',#81,1.);
#81 = DIRECTION('',(0.,1.));
#82 = ( GEOMETRIC_REPRESENTATION_CONTEXT(2)
PARAMETRIC_REPRESENTATION_CONTEXT() REPRESENTATION_CONTEXT('2D SPACE',''
  ) );
#83 = ORIENTED_EDGE('',*,*,#84,.T.);
#84 = EDGE_CURVE('',#57,#85,#87,.T.);
#85 = VERTEX_POINT('',#86);
#86 = CARTESIAN_POINT('',(-22.,10.,0.));
#87 = SURFACE_CURVE('',#88,(#92,#99),.PCURVE_S1.);
#88 = LINE('',#89,#90);
#89 = CARTESIAN_POINT('',(-22.,-14.,0.));
#90 = VECTOR('',#91,1.);
#91 = DIRECTION('',(0.,1.,0.));
#92 = PCURVE('',#32,#93);
#93 = DEFINITIONAL_REPRESENTATION('',(#94),#98);
#94 = LINE('',#95,#96);
#95 = CARTESIAN_POINT('',(0.,0.));
#96 = VECTOR('',#97,1.);
#97 = DIRECTION('',(0.,-1.));
#98 = ( GEOMETRIC_REPRESENTATION_CONTEXT(2)
PARAMETRIC_REPRESENTATION_CONTEXT() REPRESENTATION_CONTEXT('2D SPACE',''
  ) );
#99 = PCURVE('',#100,#105);
#100 = PLANE('',#101);
#101 = AXIS2_PLACEMENT_3D('',#102,#103,#104);
#102 = CARTESIAN_POINT('',(-22.,-14.,0.));
#103 = DIRECTION('',(0.,0.,1.));
#104 = DIRECTION('',(1.,0.,0.));
#105 = DEFINITIONAL_REPRESENTATION('',(#106),#110);
#106 = LINE('',#107,#108);
#107 = CARTESIAN_POINT('',(0.,0.));
#108 = VECTOR('',#109,1.);
#109 = DIRECTION('',(0.,1.));
#110 = ( GEOMETRIC_REPRESENTATION_CONTEXT(2)
PARAMETRIC_REPRESENTATION_CONTEXT() REPRESENTATION_CONTEXT('2D SPACE',''
  ) );
#111 = ORIENTED_EDGE('',*,*,#112,.T.);
#112 = EDGE_CURVE('',#85,#113,#115,.T.);
#113 = VERTEX_POINT('',#114);
#114 = CARTESIAN_POINT('',(-22.,10.,6.));
#115 = SURFACE_CURVE('',#116,(#120,#127),.PCURVE_S1.);
#116 = LINE('',#117,#118);
#117 = CARTESIAN_POINT('',(-22.,10.,0.));
#118 = VECTOR('',#119,1.);
#119 = DIRECTION('',(0.,0.,1.));
#120 = PCURVE('',#32,#121);
#121 = DEFINITIONAL_REPRESENTATION('',(#122),#126);
#122 = LINE('',#123,#124);
#123 = CARTESIAN_POINT('',(0.,-24.));
#124 = VECTOR('',#125,1.);
#125 = DIRECTION('',(1.,0.));
#126 = ( GEOMETRIC_REPRESENTATION_CONTEXT(2)
PARAMETRIC_REPRESENTATION_CONTEXT() REPRESENTATION_CONTEXT('2D SPACE',''
  ) );
#127 = PCURVE('',#128,#133);
#128 = CYLINDRICAL_SURFACE('',#129,4.);
#129 = AXIS2_PLACEMENT_3D('',#130,#131,#132);
#130 = CARTESIAN_POINT('',(-18.,10.,0.));
#131 = DIRECTION('',(0.,0.,1.));
#132 = DIRECTION('',(-1.,-0.,0.));
#133 = DEFINITIONAL_REPRESENTATION('',(#134),#138);
#134 = LINE('',#135,#136);
#135 = CARTESIAN_POINT('',(-0.,0.));
#136 = VECTOR('',#137,1.);
#137 = DIRECTION('',(-0.,1.));
#138 = ( GEOMETRIC_REPRESENTATION_CONTEXT(2)
PARAMETRIC_REPRESENTATION_CONTEXT() REPRESENTATION_CONTEXT('2D SPACE',''
  ) );
#139 = ORIENTED_EDGE('',*,*,#140,.F.);
#140 = EDGE_CURVE('',#24,#113,#141,.T.);
#141 = SURFACE_CURVE('',#142,(#146,#153),.PCURVE_S1.);
#142 = LINE('',#143,#144);
#143 = CARTESIAN_POINT('',(-22.,-14.,6.));
#144 = VECTOR('',#145,1.);
#145 = DIRECTION('',(0.,1.,0.));
#146 = PCURVE('',#32,#147);
#147 = DEFINITIONAL_REPRESENTATION('',(#148),#152);
#148 = LINE('',#149,#150);
#149 = CARTESIAN_POINT('',(6.,0.));
#150 = VECTOR('',#151,1.);
#151 = DIRECTION('',(0.,-1.));
#152 = ( GEOMETRIC_REPRESENTATION_CONTEXT(2)
PARAMETRIC_REPRESENTATION_CONTEXT() REPRESENTATION_CONTEXT('2D SPACE',''
  ) );
#153 = PCURVE('',#154,#159);
#154 = PLANE('',#155);
#155 = AXIS2_PLACEMENT_3D('',#156,#157,#158);
#156 = CARTESIAN_POINT('',(-31.,0.,6.));
#157 = DIRECTION('',(0.,0.,1.));
#158 = DIRECTION('',(1.,0.,0.));
#159 = DEFINITIONAL_REPRESENTATION('',(#160),#164);
#160 = LINE('',#161,#162);
#161 = CARTESIAN_POINT('',(9.,-14.));
#162 = VECTOR('',#163,1.);
#163 = DIRECTION('',(0.,1.));
#164 = ( GEOMETRIC_REPRESENTATION_CONTEXT(2)
PARAMETRIC_REPRESENTATION_CONTEXT() REPRESENTATION_CONTEXT('2D SPACE',''
  ) );
#165 = ADVANCED_FACE('',(#166,#365,#400),#100,.F.);
#166 = FACE_BOUND('',#167,.F.);
#167 = EDGE_LOOP('',(#168,#169,#193,#221,#254,#282,#311,#339));
#168 = ORIENTED_EDGE('',*,*,#84,.F.);
#169 = ORIENTED_EDGE('',*,*,#170,.T.);
#170 = EDGE_CURVE('',#57,#171,#173,.T.);
#171 = VERTEX_POINT('',#172);
#172 = CARTESIAN_POINT('',(-18.,-14.,0.));
#173 = SURFACE_CURVE('',#174,(#179,#186),.PCURVE_S1.);
#174 = CIRCLE('',#175,4.);
#175 = AXIS2_PLACEMENT_3D('',#176,#177,#178);
#176 = CARTESIAN_POINT('',(-18.,-10.,0.));
#177 = DIRECTION('',(0.,0.,1.));
#178 = DIRECTION('',(0.,-1.,0.));
#179 = PCURVE('',#100,#180);
#180 = DEFINITIONAL_REPRESENTATION('',(#181),#185);
#181 = CIRCLE('',#182,4.);
#182 = AXIS2_PLACEMENT_2D('',#183,#184);
#183 = CARTESIAN_POINT('',(4.,4.));
#184 = DIRECTION('',(0.,-1.));
#185 = ( GEOMETRIC_REPRESENTATION_CONTEXT(2)
PARAMETRIC_REPRESENTATION_CONTEXT() REPRESENTATION_CONTEXT('2D SPACE',''
  ) );
#186 = PCURVE('',#72,#187);
#187 = DEFINITIONAL_REPRESENTATION('',(#188),#192);
#188 = LINE('',#189,#190);
#189 = CARTESIAN_POINT('',(-4.712388980385,0.));
#190 = VECTOR('',#191,1.);
#191 = DIRECTION('',(1.,0.));
#192 = ( GEOMETRIC_REPRESENTATION_CONTEXT(2)
PARAMETRIC_REPRESENTATION_CONTEXT() REPRESENTATION_CONTEXT('2D SPACE',''
  ) );
#193 = ORIENTED_EDGE('',*,*,#194,.T.);
#194 = EDGE_CURVE('',#171,#195,#197,.T.);
#195 = VERTEX_POINT('',#196);
#196 = CARTESIAN_POINT('',(18.,-14.,0.));
#197 = SURFACE_CURVE('',#198,(#202,#209),.PCURVE_S1.);
#198 = LINE('',#199,#200);
#199 = CARTESIAN_POINT('',(-22.,-14.,0.));
#200 = VECTOR('',#201,1.);
#201 = DIRECTION('',(1.,0.,0.));
#202 = PCURVE('',#100,#203);
#203 = DEFINITIONAL_REPRESENTATION('',(#204),#208);
#204 = LINE('',#205,#206);
#205 = CARTESIAN_POINT('',(0.,0.));
#206 = VECTOR('',#207,1.);
#207 = DIRECTION('',(1.,0.));
#208 = ( GEOMETRIC_REPRESENTATION_CONTEXT(2)
PARAMETRIC_REPRESENTATION_CONTEXT() REPRESENTATION_CONTEXT('2D SPACE',''
  ) );
#209 = PCURVE('',#210,#215);
#210 = PLANE('',#211);
#211 = AXIS2_PLACEMENT_3D('',#212,#213,#214);
#212 = CARTESIAN_POINT('',(-22.,-14.,0.));
#213 = DIRECTION('',(0.,1.,0.));
#214 = DIRECTION('',(0.,0.,1.));
#215 = DEFINITIONAL_REPRESENTATION('',(#216),#220);
#216 = LINE('',#217,#218);
#217 = CARTESIAN_POINT('',(0.,0.));
#218 = VECTOR('',#219,1.);
#219 = DIRECTION('',(0.,1.));
#220 = ( GEOMETRIC_REPRESENTATION_CONTEXT(2)
PARAMETRIC_REPRESENTATION_CONTEXT() REPRESENTATION_CONTEXT('2D SPACE',''
  ) );
#221 = ORIENTED_EDGE('',*,*,#222,.F.);
#222 = EDGE_CURVE('',#223,#195,#225,.T.);
#223 = VERTEX_POINT('',#224);
#224 = CARTESIAN_POINT('',(22.,-10.,0.));
#225 = SURFACE_CURVE('',#226,(#231,#242),.PCURVE_S1.);
#226 = CIRCLE('',#227,4.);
#227 = AXIS2_PLACEMENT_3D('',#228,#229,#230);
#228 = CARTESIAN_POINT('',(18.,-10.,0.));
#229 = DIRECTION('',(-0.,-0.,-1.));
#230 = DIRECTION('',(0.,-1.,0.));
#231 = PCURVE('',#100,#232);
#232 = DEFINITIONAL_REPRESENTATION('',(#233),#241);
#233 = ( BOUNDED_CURVE() B_SPLINE_CURVE(2,(#234,#235,#236,#237,#238,#239
,#240),.UNSPECIFIED.,.T.,.F.) B_SPLINE_CURVE_WITH_KNOTS((1,2,2,2,2,1),(
    -2.094395102393,0.,2.094395102393,4.188790204786,6.28318530718,
8.377580409573),.UNSPECIFIED.) CURVE() GEOMETRIC_REPRESENTATION_ITEM()
RATIONAL_B_SPLINE_CURVE((1.,0.5,1.,0.5,1.,0.5,1.)) REPRESENTATION_ITEM(
  '') );
#234 = CARTESIAN_POINT('',(40.,0.));
#235 = CARTESIAN_POINT('',(33.071796769724,0.));
#236 = CARTESIAN_POINT('',(36.535898384862,6.));
#237 = CARTESIAN_POINT('',(40.,12.));
#238 = CARTESIAN_POINT('',(43.464101615138,6.));
#239 = CARTESIAN_POINT('',(46.928203230276,6.217248937901E-15));
#240 = CARTESIAN_POINT('',(40.,0.));
#241 = ( GEOMETRIC_REPRESENTATION_CONTEXT(2)
PARAMETRIC_REPRESENTATION_CONTEXT() REPRESENTATION_CONTEXT('2D SPACE',''
  ) );
#242 = PCURVE('',#243,#248);
#243 = CYLINDRICAL_SURFACE('',#244,4.);
#244 = AXIS2_PLACEMENT_3D('',#245,#246,#247);
#245 = CARTESIAN_POINT('',(18.,-10.,0.));
#246 = DIRECTION('',(0.,0.,1.));
#247 = DIRECTION('',(1.,0.,-0.));
#248 = DEFINITIONAL_REPRESENTATION('',(#249),#253);
#249 = LINE('',#250,#251);
#250 = CARTESIAN_POINT('',(4.712388980385,-0.));
#251 = VECTOR('',#252,1.);
#252 = DIRECTION('',(-1.,0.));
#253 = ( GEOMETRIC_REPRESENTATION_CONTEXT(2)
PARAMETRIC_REPRESENTATION_CONTEXT() REPRESENTATION_CONTEXT('2D SPACE',''
  ) );
#254 = ORIENTED_EDGE('',*,*,#255,.T.);
#255 = EDGE_CURVE('',#223,#256,#258,.T.);
#256 = VERTEX_POINT('',#257);
#257 = CARTESIAN_POINT('',(22.,10.,0.));
#258 = SURFACE_CURVE('',#259,(#263,#270),.PCURVE_S1.);
#259 = LINE('',#260,#261);
#260 = CARTESIAN_POINT('',(22.,-14.,0.));
#261 = VECTOR('',#262,1.);
#262 = DIRECTION('',(0.,1.,0.));
#263 = PCURVE('',#100,#264);
#264 = DEFINITIONAL_REPRESENTATION('',(#265),#269);
#265 = LINE('',#266,#267);
#266 = CARTESIAN_POINT('',(44.,0.));
#267 = VECTOR('',#268,1.);
#268 = DIRECTION('',(0.,1.));
#269 = ( GEOMETRIC_REPRESENTATION_CONTEXT(2)
PARAMETRIC_REPRESENTATION_CONTEXT() REPRESENTATION_CONTEXT('2D SPACE',''
  ) );
#270 = PCURVE('',#271,#276);
#271 = PLANE('',#272);
#272 = AXIS2_PLACEMENT_3D('',#273,#274,#275);
#273 = CARTESIAN_POINT('',(22.,-14.,0.));
#274 = DIRECTION('',(1.,0.,0.));
#275 = DIRECTION('',(0.,0.,1.));
#276 = DEFINITIONAL_REPRESENTATION('',(#277),#281);
#277 = LINE('',#278,#279);
#278 = CARTESIAN_POINT('',(0.,0.));
#279 = VECTOR('',#280,1.);
#280 = DIRECTION('',(0.,-1.));
#281 = ( GEOMETRIC_REPRESENTATION_CONTEXT(2)
PARAMETRIC_REPRESENTATION_CONTEXT() REPRESENTATION_CONTEXT('2D SPACE',''
  ) );
#282 = ORIENTED_EDGE('',*,*,#283,.T.);
#283 = EDGE_CURVE('',#256,#284,#286,.T.);
#284 = VERTEX_POINT('',#285);
#285 = CARTESIAN_POINT('',(18.,14.,0.));
#286 = SURFACE_CURVE('',#287,(#292,#299),.PCURVE_S1.);
#287 = CIRCLE('',#288,4.);
#288 = AXIS2_PLACEMENT_3D('',#289,#290,#291);
#289 = CARTESIAN_POINT('',(18.,10.,0.));
#290 = DIRECTION('',(0.,0.,1.));
#291 = DIRECTION('',(0.,-1.,0.));
#292 = PCURVE('',#100,#293);
#293 = DEFINITIONAL_REPRESENTATION('',(#294),#298);
#294 = CIRCLE('',#295,4.);
#295 = AXIS2_PLACEMENT_2D('',#296,#297);
#296 = CARTESIAN_POINT('',(40.,24.));
#297 = DIRECTION('',(0.,-1.));
#298 = ( GEOMETRIC_REPRESENTATION_CONTEXT(2)
PARAMETRIC_REPRESENTATION_CONTEXT() REPRESENTATION_CONTEXT('2D SPACE',''
  ) );
#299 = PCURVE('',#300,#305);
#300 = CYLINDRICAL_SURFACE('',#301,4.);
#301 = AXIS2_PLACEMENT_3D('',#302,#303,#304);
#302 = CARTESIAN_POINT('',(18.,10.,0.));
#303 = DIRECTION('',(0.,0.,1.));
#304 = DIRECTION('',(1.,0.,-0.));
#305 = DEFINITIONAL_REPRESENTATION('',(#306),#310);
#306 = LINE('',#307,#308);
#307 = CARTESIAN_POINT('',(-1.570796326795,0.));
#308 = VECTOR('',#309,1.);
#309 = DIRECTION('',(1.,0.));
#310 = ( GEOMETRIC_REPRESENTATION_CONTEXT(2)
PARAMETRIC_REPRESENTATION_CONTEXT() REPRESENTATION_CONTEXT('2D SPACE',''
  ) );
#311 = ORIENTED_EDGE('',*,*,#312,.F.);
#312 = EDGE_CURVE('',#313,#284,#315,.T.);
#313 = VERTEX_POINT('',#314);
#314 = CARTESIAN_POINT('',(-18.,14.,0.));
#315 = SURFACE_CURVE('',#316,(#320,#327),.PCURVE_S1.);
#316 = LINE('',#317,#318);
#317 = CARTESIAN_POINT('',(-22.,14.,0.));
#318 = VECTOR('',#319,1.);
#319 = DIRECTION('',(1.,0.,0.));
#320 = PCURVE('',#100,#321);
#321 = DEFINITIONAL_REPRESENTATION('',(#322),#326);
#322 = LINE('',#323,#324);
#323 = CARTESIAN_POINT('',(0.,28.));
#324 = VECTOR('',#325,1.);
#325 = DIRECTION('',(1.,0.));
#326 = ( GEOMETRIC_REPRESENTATION_CONTEXT(2)
PARAMETRIC_REPRESENTATION_CONTEXT() REPRESENTATION_CONTEXT('2D SPACE',''
  ) );
#327 = PCURVE('',#328,#333);
#328 = PLANE('',#329);
#329 = AXIS2_PLACEMENT_3D('',#330,#331,#332);
#330 = CARTESIAN_POINT('',(-22.,14.,0.));
#331 = DIRECTION('',(0.,1.,0.));
#332 = DIRECTION('',(0.,0.,1.));
#333 = DEFINITIONAL_REPRESENTATION('',(#334),#338);
#334 = LINE('',#335,#336);
#335 = CARTESIAN_POINT('',(0.,0.));
#336 = VECTOR('',#337,1.);
#337 = DIRECTION('',(0.,1.));
#338 = ( GEOMETRIC_REPRESENTATION_CONTEXT(2)
PARAMETRIC_REPRESENTATION_CONTEXT() REPRESENTATION_CONTEXT('2D SPACE',''
  ) );
#339 = ORIENTED_EDGE('',*,*,#340,.F.);
#340 = EDGE_CURVE('',#85,#313,#341,.T.);
#341 = SURFACE_CURVE('',#342,(#347,#358),.PCURVE_S1.);
#342 = CIRCLE('',#343,4.);
#343 = AXIS2_PLACEMENT_3D('',#344,#345,#346);
#344 = CARTESIAN_POINT('',(-18.,10.,0.));
#345 = DIRECTION('',(-0.,-0.,-1.));
#346 = DIRECTION('',(0.,-1.,0.));
#347 = PCURVE('',#100,#348);
#348 = DEFINITIONAL_REPRESENTATION('',(#349),#357);
#349 = ( BOUNDED_CURVE() B_SPLINE_CURVE(2,(#350,#351,#352,#353,#354,#355
,#356),.UNSPECIFIED.,.T.,.F.) B_SPLINE_CURVE_WITH_KNOTS((1,2,2,2,2,1),(
    -2.094395102393,0.,2.094395102393,4.188790204786,6.28318530718,
8.377580409573),.UNSPECIFIED.) CURVE() GEOMETRIC_REPRESENTATION_ITEM()
RATIONAL_B_SPLINE_CURVE((1.,0.5,1.,0.5,1.,0.5,1.)) REPRESENTATION_ITEM(
  '') );
#350 = CARTESIAN_POINT('',(4.,20.));
#351 = CARTESIAN_POINT('',(-2.928203230276,20.));
#352 = CARTESIAN_POINT('',(0.535898384862,26.));
#353 = CARTESIAN_POINT('',(4.,32.));
#354 = CARTESIAN_POINT('',(7.464101615138,26.));
#355 = CARTESIAN_POINT('',(10.928203230276,20.));
#356 = CARTESIAN_POINT('',(4.,20.));
#357 = ( GEOMETRIC_REPRESENTATION_CONTEXT(2)
PARAMETRIC_REPRESENTATION_CONTEXT() REPRESENTATION_CONTEXT('2D SPACE',''
  ) );
#358 = PCURVE('',#128,#359);
#359 = DEFINITIONAL_REPRESENTATION('',(#360),#364);
#360 = LINE('',#361,#362);
#361 = CARTESIAN_POINT('',(1.570796326795,-0.));
#362 = VECTOR('',#363,1.);
#363 = DIRECTION('',(-1.,0.));
#364 = ( GEOMETRIC_REPRESENTATION_CONTEXT(2)
PARAMETRIC_REPRESENTATION_CONTEXT() REPRESENTATION_CONTEXT('2D SPACE',''
  ) );
#365 = FACE_BOUND('',#366,.F.);
#366 = EDGE_LOOP('',(#367));
#367 = ORIENTED_EDGE('',*,*,#368,.T.);
#368 = EDGE_CURVE('',#369,#369,#371,.T.);
#369 = VERTEX_POINT('',#370);
#370 = CARTESIAN_POINT('',(-7.7,0.,0.));
#371 = SURFACE_CURVE('',#372,(#377,#388),.PCURVE_S1.);
#372 = CIRCLE('',#373,2.3);
#373 = AXIS2_PLACEMENT_3D('',#374,#375,#376);
#374 = CARTESIAN_POINT('',(-10.,0.,0.));
#375 = DIRECTION('',(0.,0.,-1.));
#376 = DIRECTION('',(1.,0.,0.));
#377 = PCURVE('',#100,#378);
#378 = DEFINITIONAL_REPRESENTATION('',(#379),#387);
#379 = ( BOUNDED_CURVE() B_SPLINE_CURVE(2,(#380,#381,#382,#383,#384,#385
,#386),.UNSPECIFIED.,.T.,.F.) B_SPLINE_CURVE_WITH_KNOTS((1,2,2,2,2,1),(
    -2.094395102393,0.,2.094395102393,4.188790204786,6.28318530718,
8.377580409573),.UNSPECIFIED.) CURVE() GEOMETRIC_REPRESENTATION_ITEM()
RATIONAL_B_SPLINE_CURVE((1.,0.5,1.,0.5,1.,0.5,1.)) REPRESENTATION_ITEM(
  '') );
#380 = CARTESIAN_POINT('',(14.3,14.));
#381 = CARTESIAN_POINT('',(14.3,10.016283142592));
#382 = CARTESIAN_POINT('',(10.85,12.008141571296));
#383 = CARTESIAN_POINT('',(7.4,14.));
#384 = CARTESIAN_POINT('',(10.85,15.991858428704));
#385 = CARTESIAN_POINT('',(14.3,17.983716857408));
#386 = CARTESIAN_POINT('',(14.3,14.));
#387 = ( GEOMETRIC_REPRESENTATION_CONTEXT(2)
PARAMETRIC_REPRESENTATION_CONTEXT() REPRESENTATION_CONTEXT('2D SPACE',''
  ) );
#388 = PCURVE('',#389,#394);
#389 = CYLINDRICAL_SURFACE('',#390,2.3);
#390 = AXIS2_PLACEMENT_3D('',#391,#392,#393);
#391 = CARTESIAN_POINT('',(-10.,0.,-0.1));
#392 = DIRECTION('',(-0.,-0.,-1.));
#393 = DIRECTION('',(1.,0.,0.));
#394 = DEFINITIONAL_REPRESENTATION('',(#395),#399);
#395 = LINE('',#396,#397);
#396 = CARTESIAN_POINT('',(-6.28318530718,-0.1));
#397 = VECTOR('',#398,1.);
#398 = DIRECTION('',(1.,-0.));
#399 = ( GEOMETRIC_REPRESENTATION_CONTEXT(2)
PARAMETRIC_REPRESENTATION_CONTEXT() REPRESENTATION_CONTEXT('2D SPACE',''
  ) );
#400 = FACE_BOUND('',#401,.F.);
#401 = EDGE_LOOP('',(#402));
#402 = ORIENTED_EDGE('',*,*,#403,.T.);
#403 = EDGE_CURVE('',#404,#404,#406,.T.);
#404 = VERTEX_POINT('',#405);
#405 = CARTESIAN_POINT('',(12.3,0.,0.));
#406 = SURFACE_CURVE('',#407,(#412,#423),.PCURVE_S1.);
#407 = CIRCLE('',#408,2.3);
#408 = AXIS2_PLACEMENT_3D('',#409,#410,#411);
#409 = CARTESIAN_POINT('',(10.,0.,0.));
#410 = DIRECTION('',(0.,0.,-1.));
#411 = DIRECTION('',(1.,0.,0.));
#412 = PCURVE('',#100,#413);
#413 = DEFINITIONAL_REPRESENTATION('',(#414),#422);
#414 = ( BOUNDED_CURVE() B_SPLINE_CURVE(2,(#415,#416,#417,#418,#419,#420
,#421),.UNSPECIFIED.,.T.,.F.) B_SPLINE_CURVE_WITH_KNOTS((1,2,2,2,2,1),(
    -2.094395102393,0.,2.094395102393,4.188790204786,6.28318530718,
8.377580409573),.UNSPECIFIED.) CURVE() GEOMETRIC_REPRESENTATION_ITEM()
RATIONAL_B_SPLINE_CURVE((1.,0.5,1.,0.5,1.,0.5,1.)) REPRESENTATION_ITEM(
  '') );
#415 = CARTESIAN_POINT('',(34.3,14.));
#416 = CARTESIAN_POINT('',(34.3,10.016283142592));
#417 = CARTESIAN_POINT('',(30.85,12.008141571296));
#418 = CARTESIAN_POINT('',(27.4,14.));
#419 = CARTESIAN_POINT('',(30.85,15.991858428704));
#420 = CARTESIAN_POINT('',(34.3,17.983716857408));
#421 = CARTESIAN_POINT('',(34.3,14.));
#422 = ( GEOMETRIC_REPRESENTATION_CONTEXT(2)
PARAMETRIC_REPRESENTATION_CONTEXT() REPRESENTATION_CONTEXT('2D SPACE',''
  ) );
#423 = PCURVE('',#424,#429);
#424 = CYLINDRICAL_SURFACE('',#425,2.3);
#425 = AXIS2_PLACEMENT_3D('',#426,#427,#428);
#426 = CARTESIAN_POINT('',(10.,0.,-0.1));
#427 = DIRECTION('',(-0.,-0.,-1.));
#428 = DIRECTION('',(1.,0.,0.));
#429 = DEFINITIONAL_REPRESENTATION('',(#430),#434);
#430 = LINE('',#431,#432);
#431 = CARTESIAN_POINT('',(-6.28318530718,-0.1));
#432 = VECTOR('',#433,1.);
#433 = DIRECTION('',(1.,-0.));
#434 = ( GEOMETRIC_REPRESENTATION_CONTEXT(2)
PARAMETRIC_REPRESENTATION_CONTEXT() REPRESENTATION_CONTEXT('2D SPACE',''
  ) );
#435 = ADVANCED_FACE('',(#436),#424,.F.);
#436 = FACE_BOUND('',#437,.T.);
#437 = EDGE_LOOP('',(#438,#439,#462,#489));
#438 = ORIENTED_EDGE('',*,*,#403,.T.);
#439 = ORIENTED_EDGE('',*,*,#440,.T.);
#440 = EDGE_CURVE('',#404,#441,#443,.T.);
#441 = VERTEX_POINT('',#442);
#442 = CARTESIAN_POINT('',(12.3,0.,5.2));
#443 = SEAM_CURVE('',#444,(#448,#455),.PCURVE_S1.);
#444 = LINE('',#445,#446);
#445 = CARTESIAN_POINT('',(12.3,0.,-0.1));
#446 = VECTOR('',#447,1.);
#447 = DIRECTION('',(0.,0.,1.));
#448 = PCURVE('',#424,#449);
#449 = DEFINITIONAL_REPRESENTATION('',(#450),#454);
#450 = LINE('',#451,#452);
#451 = CARTESIAN_POINT('',(-6.28318530718,0.));
#452 = VECTOR('',#453,1.);
#453 = DIRECTION('',(-0.,-1.));
#454 = ( GEOMETRIC_REPRESENTATION_CONTEXT(2)
PARAMETRIC_REPRESENTATION_CONTEXT() REPRESENTATION_CONTEXT('2D SPACE',''
  ) );
#455 = PCURVE('',#424,#456);
#456 = DEFINITIONAL_REPRESENTATION('',(#457),#461);
#457 = LINE('',#458,#459);
#458 = CARTESIAN_POINT('',(-0.,0.));
#459 = VECTOR('',#460,1.);
#460 = DIRECTION('',(-0.,-1.));
#461 = ( GEOMETRIC_REPRESENTATION_CONTEXT(2)
PARAMETRIC_REPRESENTATION_CONTEXT() REPRESENTATION_CONTEXT('2D SPACE',''
  ) );
#462 = ORIENTED_EDGE('',*,*,#463,.T.);
#463 = EDGE_CURVE('',#441,#441,#464,.T.);
#464 = SURFACE_CURVE('',#465,(#470,#477),.PCURVE_S1.);
#465 = CIRCLE('',#466,2.3);
#466 = AXIS2_PLACEMENT_3D('',#467,#468,#469);
#467 = CARTESIAN_POINT('',(10.,0.,5.2));
#468 = DIRECTION('',(0.,0.,1.));
#469 = DIRECTION('',(1.,0.,0.));
#470 = PCURVE('',#424,#471);
#471 = DEFINITIONAL_REPRESENTATION('',(#472),#476);
#472 = LINE('',#473,#474);
#473 = CARTESIAN_POINT('',(-0.,-5.3));
#474 = VECTOR('',#475,1.);
#475 = DIRECTION('',(-1.,0.));
#476 = ( GEOMETRIC_REPRESENTATION_CONTEXT(2)
PARAMETRIC_REPRESENTATION_CONTEXT() REPRESENTATION_CONTEXT('2D SPACE',''
  ) );
#477 = PCURVE('',#478,#483);
#478 = PLANE('',#479);
#479 = AXIS2_PLACEMENT_3D('',#480,#481,#482);
#480 = CARTESIAN_POINT('',(10.,1.290626075881E-16,5.2));
#481 = DIRECTION('',(0.,0.,1.));
#482 = DIRECTION('',(1.,0.,-0.));
#483 = DEFINITIONAL_REPRESENTATION('',(#484),#488);
#484 = CIRCLE('',#485,2.3);
#485 = AXIS2_PLACEMENT_2D('',#486,#487);
#486 = CARTESIAN_POINT('',(0.,-1.290626075881E-16));
#487 = DIRECTION('',(1.,0.));
#488 = ( GEOMETRIC_REPRESENTATION_CONTEXT(2)
PARAMETRIC_REPRESENTATION_CONTEXT() REPRESENTATION_CONTEXT('2D SPACE',''
  ) );
#489 = ORIENTED_EDGE('',*,*,#440,.F.);
#490 = ADVANCED_FACE('',(#491),#478,.F.);
#491 = FACE_BOUND('',#492,.F.);
#492 = EDGE_LOOP('',(#493));
#493 = ORIENTED_EDGE('',*,*,#463,.T.);
#494 = ADVANCED_FACE('',(#495),#389,.F.);
#495 = FACE_BOUND('',#496,.T.);
#496 = EDGE_LOOP('',(#497,#498,#521,#548));
#497 = ORIENTED_EDGE('',*,*,#368,.T.);
#498 = ORIENTED_EDGE('',*,*,#499,.T.);
#499 = EDGE_CURVE('',#369,#500,#502,.T.);
#500 = VERTEX_POINT('',#501);
#501 = CARTESIAN_POINT('',(-7.7,0.,5.2));
#502 = SEAM_CURVE('',#503,(#507,#514),.PCURVE_S1.);
#503 = LINE('',#504,#505);
#504 = CARTESIAN_POINT('',(-7.7,0.,-0.1));
#505 = VECTOR('',#506,1.);
#506 = DIRECTION('',(0.,0.,1.));
#507 = PCURVE('',#389,#508);
#508 = DEFINITIONAL_REPRESENTATION('',(#509),#513);
#509 = LINE('',#510,#511);
#510 = CARTESIAN_POINT('',(-6.28318530718,0.));
#511 = VECTOR('',#512,1.);
#512 = DIRECTION('',(-0.,-1.));
#513 = ( GEOMETRIC_REPRESENTATION_CONTEXT(2)
PARAMETRIC_REPRESENTATION_CONTEXT() REPRESENTATION_CONTEXT('2D SPACE',''
  ) );
#514 = PCURVE('',#389,#515);
#515 = DEFINITIONAL_REPRESENTATION('',(#516),#520);
#516 = LINE('',#517,#518);
#517 = CARTESIAN_POINT('',(-0.,0.));
#518 = VECTOR('',#519,1.);
#519 = DIRECTION('',(-0.,-1.));
#520 = ( GEOMETRIC_REPRESENTATION_CONTEXT(2)
PARAMETRIC_REPRESENTATION_CONTEXT() REPRESENTATION_CONTEXT('2D SPACE',''
  ) );
#521 = ORIENTED_EDGE('',*,*,#522,.T.);
#522 = EDGE_CURVE('',#500,#500,#523,.T.);
#523 = SURFACE_CURVE('',#524,(#529,#536),.PCURVE_S1.);
#524 = CIRCLE('',#525,2.3);
#525 = AXIS2_PLACEMENT_3D('',#526,#527,#528);
#526 = CARTESIAN_POINT('',(-10.,0.,5.2));
#527 = DIRECTION('',(0.,0.,1.));
#528 = DIRECTION('',(1.,0.,0.));
#529 = PCURVE('',#389,#530);
#530 = DEFINITIONAL_REPRESENTATION('',(#531),#535);
#531 = LINE('',#532,#533);
#532 = CARTESIAN_POINT('',(-0.,-5.3));
#533 = VECTOR('',#534,1.);
#534 = DIRECTION('',(-1.,0.));
#535 = ( GEOMETRIC_REPRESENTATION_CONTEXT(2)
PARAMETRIC_REPRESENTATION_CONTEXT() REPRESENTATION_CONTEXT('2D SPACE',''
  ) );
#536 = PCURVE('',#537,#542);
#537 = PLANE('',#538);
#538 = AXIS2_PLACEMENT_3D('',#539,#540,#541);
#539 = CARTESIAN_POINT('',(-10.,5.474520908052E-17,5.2));
#540 = DIRECTION('',(0.,0.,1.));
#541 = DIRECTION('',(1.,0.,-0.));
#542 = DEFINITIONAL_REPRESENTATION('',(#543),#547);
#543 = CIRCLE('',#544,2.3);
#544 = AXIS2_PLACEMENT_2D('',#545,#546);
#545 = CARTESIAN_POINT('',(-1.7763568394E-15,-5.474520908052E-17));
#546 = DIRECTION('',(1.,0.));
#547 = ( GEOMETRIC_REPRESENTATION_CONTEXT(2)
PARAMETRIC_REPRESENTATION_CONTEXT() REPRESENTATION_CONTEXT('2D SPACE',''
  ) );
#548 = ORIENTED_EDGE('',*,*,#499,.F.);
#549 = ADVANCED_FACE('',(#550),#537,.F.);
#550 = FACE_BOUND('',#551,.F.);
#551 = EDGE_LOOP('',(#552));
#552 = ORIENTED_EDGE('',*,*,#522,.T.);
#553 = ADVANCED_FACE('',(#554),#271,.T.);
#554 = FACE_BOUND('',#555,.T.);
#555 = EDGE_LOOP('',(#556,#581,#602,#603,#626));
#556 = ORIENTED_EDGE('',*,*,#557,.F.);
#557 = EDGE_CURVE('',#558,#560,#562,.T.);
#558 = VERTEX_POINT('',#559);
#559 = CARTESIAN_POINT('',(22.,-10.,6.));
#560 = VERTEX_POINT('',#561);
#561 = CARTESIAN_POINT('',(22.,0.,6.));
#562 = SURFACE_CURVE('',#563,(#567,#574),.PCURVE_S1.);
#563 = LINE('',#564,#565);
#564 = CARTESIAN_POINT('',(22.,-14.,6.));
#565 = VECTOR('',#566,1.);
#566 = DIRECTION('',(0.,1.,0.));
#567 = PCURVE('',#271,#568);
#568 = DEFINITIONAL_REPRESENTATION('',(#569),#573);
#569 = LINE('',#570,#571);
#570 = CARTESIAN_POINT('',(6.,0.));
#571 = VECTOR('',#572,1.);
#572 = DIRECTION('',(0.,-1.));
#573 = ( GEOMETRIC_REPRESENTATION_CONTEXT(2)
PARAMETRIC_REPRESENTATION_CONTEXT() REPRESENTATION_CONTEXT('2D SPACE',''
  ) );
#574 = PCURVE('',#44,#575);
#575 = DEFINITIONAL_REPRESENTATION('',(#576),#580);
#576 = LINE('',#577,#578);
#577 = CARTESIAN_POINT('',(44.,0.));
#578 = VECTOR('',#579,1.);
#579 = DIRECTION('',(0.,1.));
#580 = ( GEOMETRIC_REPRESENTATION_CONTEXT(2)
PARAMETRIC_REPRESENTATION_CONTEXT() REPRESENTATION_CONTEXT('2D SPACE',''
  ) );
#581 = ORIENTED_EDGE('',*,*,#582,.F.);
#582 = EDGE_CURVE('',#223,#558,#583,.T.);
#583 = SURFACE_CURVE('',#584,(#588,#595),.PCURVE_S1.);
#584 = LINE('',#585,#586);
#585 = CARTESIAN_POINT('',(22.,-10.,0.));
#586 = VECTOR('',#587,1.);
#587 = DIRECTION('',(0.,0.,1.));
#588 = PCURVE('',#271,#589);
#589 = DEFINITIONAL_REPRESENTATION('',(#590),#594);
#590 = LINE('',#591,#592);
#591 = CARTESIAN_POINT('',(0.,-4.));
#592 = VECTOR('',#593,1.);
#593 = DIRECTION('',(1.,0.));
#594 = ( GEOMETRIC_REPRESENTATION_CONTEXT(2)
PARAMETRIC_REPRESENTATION_CONTEXT() REPRESENTATION_CONTEXT('2D SPACE',''
  ) );
#595 = PCURVE('',#243,#596);
#596 = DEFINITIONAL_REPRESENTATION('',(#597),#601);
#597 = LINE('',#598,#599);
#598 = CARTESIAN_POINT('',(-0.,0.));
#599 = VECTOR('',#600,1.);
#600 = DIRECTION('',(-0.,1.));
#601 = ( GEOMETRIC_REPRESENTATION_CONTEXT(2)
PARAMETRIC_REPRESENTATION_CONTEXT() REPRESENTATION_CONTEXT('2D SPACE',''
  ) );
#602 = ORIENTED_EDGE('',*,*,#255,.T.);
#603 = ORIENTED_EDGE('',*,*,#604,.T.);
#604 = EDGE_CURVE('',#256,#605,#607,.T.);
#605 = VERTEX_POINT('',#606);
#606 = CARTESIAN_POINT('',(22.,10.,6.));
#607 = SURFACE_CURVE('',#608,(#612,#619),.PCURVE_S1.);
#608 = LINE('',#609,#610);
#609 = CARTESIAN_POINT('',(22.,10.,0.));
#610 = VECTOR('',#611,1.);
#611 = DIRECTION('',(0.,0.,1.));
#612 = PCURVE('',#271,#613);
#613 = DEFINITIONAL_REPRESENTATION('',(#614),#618);
#614 = LINE('',#615,#616);
#615 = CARTESIAN_POINT('',(0.,-24.));
#616 = VECTOR('',#617,1.);
#617 = DIRECTION('',(1.,0.));
#618 = ( GEOMETRIC_REPRESENTATION_CONTEXT(2)
PARAMETRIC_REPRESENTATION_CONTEXT() REPRESENTATION_CONTEXT('2D SPACE',''
  ) );
#619 = PCURVE('',#300,#620);
#620 = DEFINITIONAL_REPRESENTATION('',(#621),#625);
#621 = LINE('',#622,#623);
#622 = CARTESIAN_POINT('',(0.,0.));
#623 = VECTOR('',#624,1.);
#624 = DIRECTION('',(0.,1.));
#625 = ( GEOMETRIC_REPRESENTATION_CONTEXT(2)
PARAMETRIC_REPRESENTATION_CONTEXT() REPRESENTATION_CONTEXT('2D SPACE',''
  ) );
#626 = ORIENTED_EDGE('',*,*,#627,.F.);
#627 = EDGE_CURVE('',#560,#605,#628,.T.);
#628 = SURFACE_CURVE('',#629,(#633,#640),.PCURVE_S1.);
#629 = LINE('',#630,#631);
#630 = CARTESIAN_POINT('',(22.,-14.,6.));
#631 = VECTOR('',#632,1.);
#632 = DIRECTION('',(0.,1.,0.));
#633 = PCURVE('',#271,#634);
#634 = DEFINITIONAL_REPRESENTATION('',(#635),#639);
#635 = LINE('',#636,#637);
#636 = CARTESIAN_POINT('',(6.,0.));
#637 = VECTOR('',#638,1.);
#638 = DIRECTION('',(0.,-1.));
#639 = ( GEOMETRIC_REPRESENTATION_CONTEXT(2)
PARAMETRIC_REPRESENTATION_CONTEXT() REPRESENTATION_CONTEXT('2D SPACE',''
  ) );
#640 = PCURVE('',#641,#646);
#641 = PLANE('',#642);
#642 = AXIS2_PLACEMENT_3D('',#643,#644,#645);
#643 = CARTESIAN_POINT('',(-31.,0.,6.));
#644 = DIRECTION('',(0.,0.,1.));
#645 = DIRECTION('',(1.,0.,0.));
#646 = DEFINITIONAL_REPRESENTATION('',(#647),#651);
#647 = LINE('',#648,#649);
#648 = CARTESIAN_POINT('',(53.,-14.));
#649 = VECTOR('',#650,1.);
#650 = DIRECTION('',(0.,1.));
#651 = ( GEOMETRIC_REPRESENTATION_CONTEXT(2)
PARAMETRIC_REPRESENTATION_CONTEXT() REPRESENTATION_CONTEXT('2D SPACE',''
  ) );
#652 = ADVANCED_FACE('',(#653),#641,.F.);
#653 = FACE_BOUND('',#654,.F.);
#654 = EDGE_LOOP('',(#655,#656,#684,#717,#745,#774,#800,#826,#852,#878,
    #902));
#655 = ORIENTED_EDGE('',*,*,#627,.F.);
#656 = ORIENTED_EDGE('',*,*,#657,.T.);
#657 = EDGE_CURVE('',#560,#658,#660,.T.);
#658 = VERTEX_POINT('',#659);
#659 = CARTESIAN_POINT('',(42.,0.,6.));
#660 = SURFACE_CURVE('',#661,(#665,#672),.PCURVE_S1.);
#661 = LINE('',#662,#663);
#662 = CARTESIAN_POINT('',(-31.,0.,6.));
#663 = VECTOR('',#664,1.);
#664 = DIRECTION('',(1.,0.,0.));
#665 = PCURVE('',#641,#666);
#666 = DEFINITIONAL_REPRESENTATION('',(#667),#671);
#667 = LINE('',#668,#669);
#668 = CARTESIAN_POINT('',(0.,0.));
#669 = VECTOR('',#670,1.);
#670 = DIRECTION('',(1.,0.));
#671 = ( GEOMETRIC_REPRESENTATION_CONTEXT(2)
PARAMETRIC_REPRESENTATION_CONTEXT() REPRESENTATION_CONTEXT('2D SPACE',''
  ) );
#672 = PCURVE('',#673,#678);
#673 = PLANE('',#674);
#674 = AXIS2_PLACEMENT_3D('',#675,#676,#677);
#675 = CARTESIAN_POINT('',(-31.,0.,6.));
#676 = DIRECTION('',(0.,1.,0.));
#677 = DIRECTION('',(0.,0.,1.));
#678 = DEFINITIONAL_REPRESENTATION('',(#679),#683);
#679 = LINE('',#680,#681);
#680 = CARTESIAN_POINT('',(0.,0.));
#681 = VECTOR('',#682,1.);
#682 = DIRECTION('',(0.,1.));
#683 = ( GEOMETRIC_REPRESENTATION_CONTEXT(2)
PARAMETRIC_REPRESENTATION_CONTEXT() REPRESENTATION_CONTEXT('2D SPACE',''
  ) );
#684 = ORIENTED_EDGE('',*,*,#685,.F.);
#685 = EDGE_CURVE('',#686,#658,#688,.T.);
#686 = VERTEX_POINT('',#687);
#687 = CARTESIAN_POINT('',(45.,3.,6.));
#688 = SURFACE_CURVE('',#689,(#694,#705),.PCURVE_S1.);
#689 = CIRCLE('',#690,3.);
#690 = AXIS2_PLACEMENT_3D('',#691,#692,#693);
#691 = CARTESIAN_POINT('',(42.,3.,6.));
#692 = DIRECTION('',(-0.,-0.,-1.));
#693 = DIRECTION('',(0.,-1.,0.));
#694 = PCURVE('',#641,#695);
#695 = DEFINITIONAL_REPRESENTATION('',(#696),#704);
#696 = ( BOUNDED_CURVE() B_SPLINE_CURVE(2,(#697,#698,#699,#700,#701,#702
,#703),.UNSPECIFIED.,.T.,.F.) B_SPLINE_CURVE_WITH_KNOTS((1,2,2,2,2,1),(
    -2.094395102393,0.,2.094395102393,4.188790204786,6.28318530718,
8.377580409573),.UNSPECIFIED.) CURVE() GEOMETRIC_REPRESENTATION_ITEM()
RATIONAL_B_SPLINE_CURVE((1.,0.5,1.,0.5,1.,0.5,1.)) REPRESENTATION_ITEM(
  '') );
#697 = CARTESIAN_POINT('',(73.,-4.440892098501E-16));
#698 = CARTESIAN_POINT('',(67.803847577293,-4.440892098501E-16));
#699 = CARTESIAN_POINT('',(70.401923788647,4.5));
#700 = CARTESIAN_POINT('',(73.,9.));
#701 = CARTESIAN_POINT('',(75.598076211353,4.5));
#702 = CARTESIAN_POINT('',(78.196152422707,3.996802888651E-15));
#703 = CARTESIAN_POINT('',(73.,-4.440892098501E-16));
#704 = ( GEOMETRIC_REPRESENTATION_CONTEXT(2)
PARAMETRIC_REPRESENTATION_CONTEXT() REPRESENTATION_CONTEXT('2D SPACE',''
  ) );
#705 = PCURVE('',#706,#711);
#706 = CYLINDRICAL_SURFACE('',#707,3.);
#707 = AXIS2_PLACEMENT_3D('',#708,#709,#710);
#708 = CARTESIAN_POINT('',(42.,3.,6.));
#709 = DIRECTION('',(0.,0.,1.));
#710 = DIRECTION('',(1.,0.,-0.));
#711 = DEFINITIONAL_REPRESENTATION('',(#712),#716);
#712 = LINE('',#713,#714);
#713 = CARTESIAN_POINT('',(4.712388980385,-0.));
#714 = VECTOR('',#715,1.);
#715 = DIRECTION('',(-1.,0.));
#716 = ( GEOMETRIC_REPRESENTATION_CONTEXT(2)
PARAMETRIC_REPRESENTATION_CONTEXT() REPRESENTATION_CONTEXT('2D SPACE',''
  ) );
#717 = ORIENTED_EDGE('',*,*,#718,.T.);
#718 = EDGE_CURVE('',#686,#719,#721,.T.);
#719 = VERTEX_POINT('',#720);
#720 = CARTESIAN_POINT('',(45.,7.,6.));
#721 = SURFACE_CURVE('',#722,(#726,#733),.PCURVE_S1.);
#722 = LINE('',#723,#724);
#723 = CARTESIAN_POINT('',(45.,0.,6.));
#724 = VECTOR('',#725,1.);
#725 = DIRECTION('',(0.,1.,0.));
#726 = PCURVE('',#641,#727);
#727 = DEFINITIONAL_REPRESENTATION('',(#728),#732);
#728 = LINE('',#729,#730);
#729 = CARTESIAN_POINT('',(76.,0.));
#730 = VECTOR('',#731,1.);
#731 = DIRECTION('',(0.,1.));
#732 = ( GEOMETRIC_REPRESENTATION_CONTEXT(2)
PARAMETRIC_REPRESENTATION_CONTEXT() REPRESENTATION_CONTEXT('2D SPACE',''
  ) );
#733 = PCURVE('',#734,#739);
#734 = PLANE('',#735);
#735 = AXIS2_PLACEMENT_3D('',#736,#737,#738);
#736 = CARTESIAN_POINT('',(45.,0.,6.));
#737 = DIRECTION('',(1.,0.,0.));
#738 = DIRECTION('',(0.,0.,1.));
#739 = DEFINITIONAL_REPRESENTATION('',(#740),#744);
#740 = LINE('',#741,#742);
#741 = CARTESIAN_POINT('',(0.,0.));
#742 = VECTOR('',#743,1.);
#743 = DIRECTION('',(0.,-1.));
#744 = ( GEOMETRIC_REPRESENTATION_CONTEXT(2)
PARAMETRIC_REPRESENTATION_CONTEXT() REPRESENTATION_CONTEXT('2D SPACE',''
  ) );
#745 = ORIENTED_EDGE('',*,*,#746,.T.);
#746 = EDGE_CURVE('',#719,#747,#749,.T.);
#747 = VERTEX_POINT('',#748);
#748 = CARTESIAN_POINT('',(44.5,8.658312395178,6.));
#749 = SURFACE_CURVE('',#750,(#755,#762),.PCURVE_S1.);
#750 = CIRCLE('',#751,3.);
#751 = AXIS2_PLACEMENT_3D('',#752,#753,#754);
#752 = CARTESIAN_POINT('',(42.,7.,6.));
#753 = DIRECTION('',(0.,0.,1.));
#754 = DIRECTION('',(0.,-1.,0.));
#755 = PCURVE('',#641,#756);
#756 = DEFINITIONAL_REPRESENTATION('',(#757),#761);
#757 = CIRCLE('',#758,3.);
#758 = AXIS2_PLACEMENT_2D('',#759,#760);
#759 = CARTESIAN_POINT('',(73.,7.));
#760 = DIRECTION('',(0.,-1.));
#761 = ( GEOMETRIC_REPRESENTATION_CONTEXT(2)
PARAMETRIC_REPRESENTATION_CONTEXT() REPRESENTATION_CONTEXT('2D SPACE',''
  ) );
#762 = PCURVE('',#763,#768);
#763 = CYLINDRICAL_SURFACE('',#764,3.);
#764 = AXIS2_PLACEMENT_3D('',#765,#766,#767);
#765 = CARTESIAN_POINT('',(42.,7.,6.));
#766 = DIRECTION('',(0.,0.,1.));
#767 = DIRECTION('',(1.,0.,-0.));
#768 = DEFINITIONAL_REPRESENTATION('',(#769),#773);
#769 = LINE('',#770,#771);
#770 = CARTESIAN_POINT('',(-1.570796326795,0.));
#771 = VECTOR('',#772,1.);
#772 = DIRECTION('',(1.,0.));
#773 = ( GEOMETRIC_REPRESENTATION_CONTEXT(2)
PARAMETRIC_REPRESENTATION_CONTEXT() REPRESENTATION_CONTEXT('2D SPACE',''
  ) );
#774 = ORIENTED_EDGE('',*,*,#775,.F.);
#775 = EDGE_CURVE('',#776,#747,#778,.T.);
#776 = VERTEX_POINT('',#777);
#777 = CARTESIAN_POINT('',(44.5,2.27099456256,6.));
#778 = SURFACE_CURVE('',#779,(#783,#789),.PCURVE_S1.);
#779 = LINE('',#780,#781);
#780 = CARTESIAN_POINT('',(44.5,0.605916552631,6.));
#781 = VECTOR('',#782,1.);
#782 = DIRECTION('',(0.,1.,0.));
#783 = PCURVE('',#641,#784);
#784 = DEFINITIONAL_REPRESENTATION('',(#785),#788);
#785 = B_SPLINE_CURVE_WITH_KNOTS('',1,(#786,#787),.UNSPECIFIED.,.F.,.F.,
  (2,2),(1.665078009929,8.999355201632),.PIECEWISE_BEZIER_KNOTS.);
#786 = CARTESIAN_POINT('',(75.5,2.27099456256));
#787 = CARTESIAN_POINT('',(75.5,9.605271754263));
#788 = ( GEOMETRIC_REPRESENTATION_CONTEXT(2)
PARAMETRIC_REPRESENTATION_CONTEXT() REPRESENTATION_CONTEXT('2D SPACE',''
  ) );
#789 = PCURVE('',#790,#795);
#790 = PLANE('',#791);
#791 = AXIS2_PLACEMENT_3D('',#792,#793,#794);
#792 = CARTESIAN_POINT('',(44.5,1.211833105262,9.387029168943));
#793 = DIRECTION('',(1.,0.,0.));
#794 = DIRECTION('',(0.,0.954422612758,0.298458500056));
#795 = DEFINITIONAL_REPRESENTATION('',(#796),#799);
#796 = B_SPLINE_CURVE_WITH_KNOTS('',1,(#797,#798),.UNSPECIFIED.,.F.,.F.,
  (2,2),(1.665078009929,8.999355201632),.PIECEWISE_BEZIER_KNOTS.);
#797 = CARTESIAN_POINT('',(-6.883382752676E-15,-3.548772968773));
#798 = CARTESIAN_POINT('',(7.,-5.737750338401));
#799 = ( GEOMETRIC_REPRESENTATION_CONTEXT(2)
PARAMETRIC_REPRESENTATION_CONTEXT() REPRESENTATION_CONTEXT('2D SPACE',''
  ) );
#800 = ORIENTED_EDGE('',*,*,#801,.T.);
#801 = EDGE_CURVE('',#776,#802,#804,.T.);
#802 = VERTEX_POINT('',#803);
#803 = CARTESIAN_POINT('',(37.5,2.27099456256,6.));
#804 = SURFACE_CURVE('',#805,(#809,#815),.PCURVE_S1.);
#805 = LINE('',#806,#807);
#806 = CARTESIAN_POINT('',(3.25,2.27099456256,6.));
#807 = VECTOR('',#808,1.);
#808 = DIRECTION('',(-1.,0.,0.));
#809 = PCURVE('',#641,#810);
#810 = DEFINITIONAL_REPRESENTATION('',(#811),#814);
#811 = B_SPLINE_CURVE_WITH_KNOTS('',1,(#812,#813),.UNSPECIFIED.,.F.,.F.,
  (2,2),(-41.25,-34.25),.PIECEWISE_BEZIER_KNOTS.);
#812 = CARTESIAN_POINT('',(75.5,2.27099456256));
#813 = CARTESIAN_POINT('',(68.5,2.27099456256));
#814 = ( GEOMETRIC_REPRESENTATION_CONTEXT(2)
PARAMETRIC_REPRESENTATION_CONTEXT() REPRESENTATION_CONTEXT('2D SPACE',''
  ) );
#815 = PCURVE('',#816,#821);
#816 = PLANE('',#817);
#817 = AXIS2_PLACEMENT_3D('',#818,#819,#820);
#818 = CARTESIAN_POINT('',(37.5,1.211833105262,9.387029168943));
#819 = DIRECTION('',(0.,0.954422612758,0.298458500056));
#820 = DIRECTION('',(1.,0.,0.));
#821 = DEFINITIONAL_REPRESENTATION('',(#822),#825);
#822 = B_SPLINE_CURVE_WITH_KNOTS('',1,(#823,#824),.UNSPECIFIED.,.F.,.F.,
  (2,2),(-41.25,-34.25),.PIECEWISE_BEZIER_KNOTS.);
#823 = CARTESIAN_POINT('',(7.,3.548772968773));
#824 = CARTESIAN_POINT('',(0.,3.548772968773));
#825 = ( GEOMETRIC_REPRESENTATION_CONTEXT(2)
PARAMETRIC_REPRESENTATION_CONTEXT() REPRESENTATION_CONTEXT('2D SPACE',''
  ) );
#826 = ORIENTED_EDGE('',*,*,#827,.T.);
#827 = EDGE_CURVE('',#802,#828,#830,.T.);
#828 = VERTEX_POINT('',#829);
#829 = CARTESIAN_POINT('',(37.5,9.605271754263,6.));
#830 = SURFACE_CURVE('',#831,(#835,#841),.PCURVE_S1.);
#831 = LINE('',#832,#833);
#832 = CARTESIAN_POINT('',(37.5,0.605916552631,6.));
#833 = VECTOR('',#834,1.);
#834 = DIRECTION('',(0.,1.,0.));
#835 = PCURVE('',#641,#836);
#836 = DEFINITIONAL_REPRESENTATION('',(#837),#840);
#837 = B_SPLINE_CURVE_WITH_KNOTS('',1,(#838,#839),.UNSPECIFIED.,.F.,.F.,
  (2,2),(1.665078009929,8.999355201632),.PIECEWISE_BEZIER_KNOTS.);
#838 = CARTESIAN_POINT('',(68.5,2.27099456256));
#839 = CARTESIAN_POINT('',(68.5,9.605271754263));
#840 = ( GEOMETRIC_REPRESENTATION_CONTEXT(2)
PARAMETRIC_REPRESENTATION_CONTEXT() REPRESENTATION_CONTEXT('2D SPACE',''
  ) );
#841 = PCURVE('',#842,#847);
#842 = PLANE('',#843);
#843 = AXIS2_PLACEMENT_3D('',#844,#845,#846);
#844 = CARTESIAN_POINT('',(37.5,1.211833105262,9.387029168943));
#845 = DIRECTION('',(1.,0.,0.));
#846 = DIRECTION('',(0.,0.954422612758,0.298458500056));
#847 = DEFINITIONAL_REPRESENTATION('',(#848),#851);
#848 = B_SPLINE_CURVE_WITH_KNOTS('',1,(#849,#850),.UNSPECIFIED.,.F.,.F.,
  (2,2),(1.665078009929,8.999355201632),.PIECEWISE_BEZIER_KNOTS.);
#849 = CARTESIAN_POINT('',(-6.883382752676E-15,-3.548772968773));
#850 = CARTESIAN_POINT('',(7.,-5.737750338401));
#851 = ( GEOMETRIC_REPRESENTATION_CONTEXT(2)
PARAMETRIC_REPRESENTATION_CONTEXT() REPRESENTATION_CONTEXT('2D SPACE',''
  ) );
#852 = ORIENTED_EDGE('',*,*,#853,.F.);
#853 = EDGE_CURVE('',#854,#828,#856,.T.);
#854 = VERTEX_POINT('',#855);
#855 = CARTESIAN_POINT('',(43.48746733962,9.605271754263,6.));
#856 = SURFACE_CURVE('',#857,(#861,#867),.PCURVE_S1.);
#857 = LINE('',#858,#859);
#858 = CARTESIAN_POINT('',(3.25,9.605271754263,6.));
#859 = VECTOR('',#860,1.);
#860 = DIRECTION('',(-1.,0.,0.));
#861 = PCURVE('',#641,#862);
#862 = DEFINITIONAL_REPRESENTATION('',(#863),#866);
#863 = B_SPLINE_CURVE_WITH_KNOTS('',1,(#864,#865),.UNSPECIFIED.,.F.,.F.,
  (2,2),(-41.25,-34.25),.PIECEWISE_BEZIER_KNOTS.);
#864 = CARTESIAN_POINT('',(75.5,9.605271754263));
#865 = CARTESIAN_POINT('',(68.5,9.605271754263));
#866 = ( GEOMETRIC_REPRESENTATION_CONTEXT(2)
PARAMETRIC_REPRESENTATION_CONTEXT() REPRESENTATION_CONTEXT('2D SPACE',''
  ) );
#867 = PCURVE('',#868,#873);
#868 = PLANE('',#869);
#869 = AXIS2_PLACEMENT_3D('',#870,#871,#872);
#870 = CARTESIAN_POINT('',(37.5,7.892791394571,11.476238669332));
#871 = DIRECTION('',(0.,0.954422612758,0.298458500056));
#872 = DIRECTION('',(1.,0.,0.));
#873 = DEFINITIONAL_REPRESENTATION('',(#874),#877);
#874 = B_SPLINE_CURVE_WITH_KNOTS('',1,(#875,#876),.UNSPECIFIED.,.F.,.F.,
  (2,2),(-41.25,-34.25),.PIECEWISE_BEZIER_KNOTS.);
#875 = CARTESIAN_POINT('',(7.,5.737750338401));
#876 = CARTESIAN_POINT('',(0.,5.737750338401));
#877 = ( GEOMETRIC_REPRESENTATION_CONTEXT(2)
PARAMETRIC_REPRESENTATION_CONTEXT() REPRESENTATION_CONTEXT('2D SPACE',''
  ) );
#878 = ORIENTED_EDGE('',*,*,#879,.T.);
#879 = EDGE_CURVE('',#854,#880,#882,.T.);
#880 = VERTEX_POINT('',#881);
#881 = CARTESIAN_POINT('',(42.,10.,6.));
#882 = SURFACE_CURVE('',#883,(#888,#895),.PCURVE_S1.);
#883 = CIRCLE('',#884,3.);
#884 = AXIS2_PLACEMENT_3D('',#885,#886,#887);
#885 = CARTESIAN_POINT('',(42.,7.,6.));
#886 = DIRECTION('',(0.,0.,1.));
#887 = DIRECTION('',(0.,-1.,0.));
#888 = PCURVE('',#641,#889);
#889 = DEFINITIONAL_REPRESENTATION('',(#890),#894);
#890 = CIRCLE('',#891,3.);
#891 = AXIS2_PLACEMENT_2D('',#892,#893);
#892 = CARTESIAN_POINT('',(73.,7.));
#893 = DIRECTION('',(0.,-1.));
#894 = ( GEOMETRIC_REPRESENTATION_CONTEXT(2)
PARAMETRIC_REPRESENTATION_CONTEXT() REPRESENTATION_CONTEXT('2D SPACE',''
  ) );
#895 = PCURVE('',#763,#896);
#896 = DEFINITIONAL_REPRESENTATION('',(#897),#901);
#897 = LINE('',#898,#899);
#898 = CARTESIAN_POINT('',(-1.570796326795,0.));
#899 = VECTOR('',#900,1.);
#900 = DIRECTION('',(1.,0.));
#901 = ( GEOMETRIC_REPRESENTATION_CONTEXT(2)
PARAMETRIC_REPRESENTATION_CONTEXT() REPRESENTATION_CONTEXT('2D SPACE',''
  ) );
#902 = ORIENTED_EDGE('',*,*,#903,.F.);
#903 = EDGE_CURVE('',#605,#880,#904,.T.);
#904 = SURFACE_CURVE('',#905,(#909,#916),.PCURVE_S1.);
#905 = LINE('',#906,#907);
#906 = CARTESIAN_POINT('',(-31.,10.,6.));
#907 = VECTOR('',#908,1.);
#908 = DIRECTION('',(1.,0.,0.));
#909 = PCURVE('',#641,#910);
#910 = DEFINITIONAL_REPRESENTATION('',(#911),#915);
#911 = LINE('',#912,#913);
#912 = CARTESIAN_POINT('',(0.,10.));
#913 = VECTOR('',#914,1.);
#914 = DIRECTION('',(1.,0.));
#915 = ( GEOMETRIC_REPRESENTATION_CONTEXT(2)
PARAMETRIC_REPRESENTATION_CONTEXT() REPRESENTATION_CONTEXT('2D SPACE',''
  ) );
#916 = PCURVE('',#917,#922);
#917 = PLANE('',#918);
#918 = AXIS2_PLACEMENT_3D('',#919,#920,#921);
#919 = CARTESIAN_POINT('',(-31.,10.,6.));
#920 = DIRECTION('',(0.,1.,0.));
#921 = DIRECTION('',(0.,0.,1.));
#922 = DEFINITIONAL_REPRESENTATION('',(#923),#927);
#923 = LINE('',#924,#925);
#924 = CARTESIAN_POINT('',(0.,0.));
#925 = VECTOR('',#926,1.);
#926 = DIRECTION('',(0.,1.));
#927 = ( GEOMETRIC_REPRESENTATION_CONTEXT(2)
PARAMETRIC_REPRESENTATION_CONTEXT() REPRESENTATION_CONTEXT('2D SPACE',''
  ) );
#928 = ADVANCED_FACE('',(#929),#673,.F.);
#929 = FACE_BOUND('',#930,.F.);
#930 = EDGE_LOOP('',(#931,#954,#982,#1010,#1031,#1032));
#931 = ORIENTED_EDGE('',*,*,#932,.F.);
#932 = EDGE_CURVE('',#933,#24,#935,.T.);
#933 = VERTEX_POINT('',#934);
#934 = CARTESIAN_POINT('',(-28.,0.,6.));
#935 = SURFACE_CURVE('',#936,(#940,#947),.PCURVE_S1.);
#936 = LINE('',#937,#938);
#937 = CARTESIAN_POINT('',(-31.,0.,6.));
#938 = VECTOR('',#939,1.);
#939 = DIRECTION('',(1.,0.,0.));
#940 = PCURVE('',#673,#941);
#941 = DEFINITIONAL_REPRESENTATION('',(#942),#946);
#942 = LINE('',#943,#944);
#943 = CARTESIAN_POINT('',(0.,0.));
#944 = VECTOR('',#945,1.);
#945 = DIRECTION('',(0.,1.));
#946 = ( GEOMETRIC_REPRESENTATION_CONTEXT(2)
PARAMETRIC_REPRESENTATION_CONTEXT() REPRESENTATION_CONTEXT('2D SPACE',''
  ) );
#947 = PCURVE('',#154,#948);
#948 = DEFINITIONAL_REPRESENTATION('',(#949),#953);
#949 = LINE('',#950,#951);
#950 = CARTESIAN_POINT('',(0.,0.));
#951 = VECTOR('',#952,1.);
#952 = DIRECTION('',(1.,0.));
#953 = ( GEOMETRIC_REPRESENTATION_CONTEXT(2)
PARAMETRIC_REPRESENTATION_CONTEXT() REPRESENTATION_CONTEXT('2D SPACE',''
  ) );
#954 = ORIENTED_EDGE('',*,*,#955,.T.);
#955 = EDGE_CURVE('',#933,#956,#958,.T.);
#956 = VERTEX_POINT('',#957);
#957 = CARTESIAN_POINT('',(-28.,0.,12.));
#958 = SURFACE_CURVE('',#959,(#963,#970),.PCURVE_S1.);
#959 = LINE('',#960,#961);
#960 = CARTESIAN_POINT('',(-28.,0.,6.));
#961 = VECTOR('',#962,1.);
#962 = DIRECTION('',(0.,0.,1.));
#963 = PCURVE('',#673,#964);
#964 = DEFINITIONAL_REPRESENTATION('',(#965),#969);
#965 = LINE('',#966,#967);
#966 = CARTESIAN_POINT('',(0.,3.));
#967 = VECTOR('',#968,1.);
#968 = DIRECTION('',(1.,0.));
#969 = ( GEOMETRIC_REPRESENTATION_CONTEXT(2)
PARAMETRIC_REPRESENTATION_CONTEXT() REPRESENTATION_CONTEXT('2D SPACE',''
  ) );
#970 = PCURVE('',#971,#976);
#971 = CYLINDRICAL_SURFACE('',#972,3.);
#972 = AXIS2_PLACEMENT_3D('',#973,#974,#975);
#973 = CARTESIAN_POINT('',(-28.,3.,6.));
#974 = DIRECTION('',(0.,0.,1.));
#975 = DIRECTION('',(-1.,-0.,0.));
#976 = DEFINITIONAL_REPRESENTATION('',(#977),#981);
#977 = LINE('',#978,#979);
#978 = CARTESIAN_POINT('',(1.570796326795,0.));
#979 = VECTOR('',#980,1.);
#980 = DIRECTION('',(0.,1.));
#981 = ( GEOMETRIC_REPRESENTATION_CONTEXT(2)
PARAMETRIC_REPRESENTATION_CONTEXT() REPRESENTATION_CONTEXT('2D SPACE',''
  ) );
#982 = ORIENTED_EDGE('',*,*,#983,.T.);
#983 = EDGE_CURVE('',#956,#984,#986,.T.);
#984 = VERTEX_POINT('',#985);
#985 = CARTESIAN_POINT('',(42.,0.,12.));
#986 = SURFACE_CURVE('',#987,(#991,#998),.PCURVE_S1.);
#987 = LINE('',#988,#989);
#988 = CARTESIAN_POINT('',(-31.,0.,12.));
#989 = VECTOR('',#990,1.);
#990 = DIRECTION('',(1.,0.,0.));
#991 = PCURVE('',#673,#992);
#992 = DEFINITIONAL_REPRESENTATION('',(#993),#997);
#993 = LINE('',#994,#995);
#994 = CARTESIAN_POINT('',(6.,0.));
#995 = VECTOR('',#996,1.);
#996 = DIRECTION('',(0.,1.));
#997 = ( GEOMETRIC_REPRESENTATION_CONTEXT(2)
PARAMETRIC_REPRESENTATION_CONTEXT() REPRESENTATION_CONTEXT('2D SPACE',''
  ) );
#998 = PCURVE('',#999,#1004);
#999 = PLANE('',#1000);
#1000 = AXIS2_PLACEMENT_3D('',#1001,#1002,#1003);
#1001 = CARTESIAN_POINT('',(-31.,0.,12.));
#1002 = DIRECTION('',(0.,0.,1.));
#1003 = DIRECTION('',(1.,0.,0.));
#1004 = DEFINITIONAL_REPRESENTATION('',(#1005),#1009);
#1005 = LINE('',#1006,#1007);
#1006 = CARTESIAN_POINT('',(0.,0.));
#1007 = VECTOR('',#1008,1.);
#1008 = DIRECTION('',(1.,0.));
#1009 = ( GEOMETRIC_REPRESENTATION_CONTEXT(2)
PARAMETRIC_REPRESENTATION_CONTEXT() REPRESENTATION_CONTEXT('2D SPACE',''
  ) );
#1010 = ORIENTED_EDGE('',*,*,#1011,.F.);
#1011 = EDGE_CURVE('',#658,#984,#1012,.T.);
#1012 = SURFACE_CURVE('',#1013,(#1017,#1024),.PCURVE_S1.);
#1013 = LINE('',#1014,#1015);
#1014 = CARTESIAN_POINT('',(42.,0.,6.));
#1015 = VECTOR('',#1016,1.);
#1016 = DIRECTION('',(0.,0.,1.));
#1017 = PCURVE('',#673,#1018);
#1018 = DEFINITIONAL_REPRESENTATION('',(#1019),#1023);
#1019 = LINE('',#1020,#1021);
#1020 = CARTESIAN_POINT('',(0.,73.));
#1021 = VECTOR('',#1022,1.);
#1022 = DIRECTION('',(1.,0.));
#1023 = ( GEOMETRIC_REPRESENTATION_CONTEXT(2)
PARAMETRIC_REPRESENTATION_CONTEXT() REPRESENTATION_CONTEXT('2D SPACE',''
  ) );
#1024 = PCURVE('',#706,#1025);
#1025 = DEFINITIONAL_REPRESENTATION('',(#1026),#1030);
#1026 = LINE('',#1027,#1028);
#1027 = CARTESIAN_POINT('',(-1.570796326795,0.));
#1028 = VECTOR('',#1029,1.);
#1029 = DIRECTION('',(-0.,1.));
#1030 = ( GEOMETRIC_REPRESENTATION_CONTEXT(2)
PARAMETRIC_REPRESENTATION_CONTEXT() REPRESENTATION_CONTEXT('2D SPACE',''
  ) );
#1031 = ORIENTED_EDGE('',*,*,#657,.F.);
#1032 = ORIENTED_EDGE('',*,*,#1033,.F.);
#1033 = EDGE_CURVE('',#24,#560,#1034,.T.);
#1034 = SURFACE_CURVE('',#1035,(#1039,#1046),.PCURVE_S1.);
#1035 = LINE('',#1036,#1037);
#1036 = CARTESIAN_POINT('',(-31.,0.,6.));
#1037 = VECTOR('',#1038,1.);
#1038 = DIRECTION('',(1.,0.,0.));
#1039 = PCURVE('',#673,#1040);
#1040 = DEFINITIONAL_REPRESENTATION('',(#1041),#1045);
#1041 = LINE('',#1042,#1043);
#1042 = CARTESIAN_POINT('',(0.,0.));
#1043 = VECTOR('',#1044,1.);
#1044 = DIRECTION('',(0.,1.));
#1045 = ( GEOMETRIC_REPRESENTATION_CONTEXT(2)
PARAMETRIC_REPRESENTATION_CONTEXT() REPRESENTATION_CONTEXT('2D SPACE',''
  ) );
#1046 = PCURVE('',#44,#1047);
#1047 = DEFINITIONAL_REPRESENTATION('',(#1048),#1052);
#1048 = LINE('',#1049,#1050);
#1049 = CARTESIAN_POINT('',(-9.,14.));
#1050 = VECTOR('',#1051,1.);
#1051 = DIRECTION('',(1.,0.));
#1052 = ( GEOMETRIC_REPRESENTATION_CONTEXT(2)
PARAMETRIC_REPRESENTATION_CONTEXT() REPRESENTATION_CONTEXT('2D SPACE',''
  ) );
#1053 = ADVANCED_FACE('',(#1054),#999,.T.);
#1054 = FACE_BOUND('',#1055,.T.);
#1055 = EDGE_LOOP('',(#1056,#1086,#1108,#1109,#1137,#1160,#1184,#1207));
#1056 = ORIENTED_EDGE('',*,*,#1057,.F.);
#1057 = EDGE_CURVE('',#1058,#1060,#1062,.T.);
#1058 = VERTEX_POINT('',#1059);
#1059 = CARTESIAN_POINT('',(-31.,3.,12.));
#1060 = VERTEX_POINT('',#1061);
#1061 = CARTESIAN_POINT('',(-31.,7.,12.));
#1062 = SURFACE_CURVE('',#1063,(#1067,#1074),.PCURVE_S1.);
#1063 = LINE('',#1064,#1065);
#1064 = CARTESIAN_POINT('',(-31.,0.,12.));
#1065 = VECTOR('',#1066,1.);
#1066 = DIRECTION('',(0.,1.,0.));
#1067 = PCURVE('',#999,#1068);
#1068 = DEFINITIONAL_REPRESENTATION('',(#1069),#1073);
#1069 = LINE('',#1070,#1071);
#1070 = CARTESIAN_POINT('',(0.,0.));
#1071 = VECTOR('',#1072,1.);
#1072 = DIRECTION('',(0.,1.));
#1073 = ( GEOMETRIC_REPRESENTATION_CONTEXT(2)
PARAMETRIC_REPRESENTATION_CONTEXT() REPRESENTATION_CONTEXT('2D SPACE',''
  ) );
#1074 = PCURVE('',#1075,#1080);
#1075 = PLANE('',#1076);
#1076 = AXIS2_PLACEMENT_3D('',#1077,#1078,#1079);
#1077 = CARTESIAN_POINT('',(-31.,0.,6.));
#1078 = DIRECTION('',(1.,0.,0.));
#1079 = DIRECTION('',(0.,0.,1.));
#1080 = DEFINITIONAL_REPRESENTATION('',(#1081),#1085);
#1081 = LINE('',#1082,#1083);
#1082 = CARTESIAN_POINT('',(6.,0.));
#1083 = VECTOR('',#1084,1.);
#1084 = DIRECTION('',(0.,-1.));
#1085 = ( GEOMETRIC_REPRESENTATION_CONTEXT(2)
PARAMETRIC_REPRESENTATION_CONTEXT() REPRESENTATION_CONTEXT('2D SPACE',''
  ) );
#1086 = ORIENTED_EDGE('',*,*,#1087,.T.);
#1087 = EDGE_CURVE('',#1058,#956,#1088,.T.);
#1088 = SURFACE_CURVE('',#1089,(#1094,#1101),.PCURVE_S1.);
#1089 = CIRCLE('',#1090,3.);
#1090 = AXIS2_PLACEMENT_3D('',#1091,#1092,#1093);
#1091 = CARTESIAN_POINT('',(-28.,3.,12.));
#1092 = DIRECTION('',(0.,0.,1.));
#1093 = DIRECTION('',(0.,-1.,0.));
#1094 = PCURVE('',#999,#1095);
#1095 = DEFINITIONAL_REPRESENTATION('',(#1096),#1100);
#1096 = CIRCLE('',#1097,3.);
#1097 = AXIS2_PLACEMENT_2D('',#1098,#1099);
#1098 = CARTESIAN_POINT('',(3.,3.));
#1099 = DIRECTION('',(0.,-1.));
#1100 = ( GEOMETRIC_REPRESENTATION_CONTEXT(2)
PARAMETRIC_REPRESENTATION_CONTEXT() REPRESENTATION_CONTEXT('2D SPACE',''
  ) );
#1101 = PCURVE('',#971,#1102);
#1102 = DEFINITIONAL_REPRESENTATION('',(#1103),#1107);
#1103 = LINE('',#1104,#1105);
#1104 = CARTESIAN_POINT('',(-4.712388980385,6.));
#1105 = VECTOR('',#1106,1.);
#1106 = DIRECTION('',(1.,0.));
#1107 = ( GEOMETRIC_REPRESENTATION_CONTEXT(2)
PARAMETRIC_REPRESENTATION_CONTEXT() REPRESENTATION_CONTEXT('2D SPACE',''
  ) );
#1108 = ORIENTED_EDGE('',*,*,#983,.T.);
#1109 = ORIENTED_EDGE('',*,*,#1110,.F.);
#1110 = EDGE_CURVE('',#1111,#984,#1113,.T.);
#1111 = VERTEX_POINT('',#1112);
#1112 = CARTESIAN_POINT('',(45.,3.,12.));
#1113 = SURFACE_CURVE('',#1114,(#1119,#1130),.PCURVE_S1.);
#1114 = CIRCLE('',#1115,3.);
#1115 = AXIS2_PLACEMENT_3D('',#1116,#1117,#1118);
#1116 = CARTESIAN_POINT('',(42.,3.,12.));
#1117 = DIRECTION('',(-0.,-0.,-1.));
#1118 = DIRECTION('',(0.,-1.,0.));
#1119 = PCURVE('',#999,#1120);
#1120 = DEFINITIONAL_REPRESENTATION('',(#1121),#1129);
#1121 = ( BOUNDED_CURVE() B_SPLINE_CURVE(2,(#1122,#1123,#1124,#1125,
#1126,#1127,#1128),.UNSPECIFIED.,.T.,.F.) B_SPLINE_CURVE_WITH_KNOTS((1,2
    ,2,2,2,1),(-2.094395102393,0.,2.094395102393,4.188790204786,
6.28318530718,8.377580409573),.UNSPECIFIED.) CURVE()
GEOMETRIC_REPRESENTATION_ITEM() RATIONAL_B_SPLINE_CURVE((1.,0.5,1.,0.5,
1.,0.5,1.)) REPRESENTATION_ITEM('') );
#1122 = CARTESIAN_POINT('',(73.,-4.440892098501E-16));
#1123 = CARTESIAN_POINT('',(67.803847577293,-4.440892098501E-16));
#1124 = CARTESIAN_POINT('',(70.401923788647,4.5));
#1125 = CARTESIAN_POINT('',(73.,9.));
#1126 = CARTESIAN_POINT('',(75.598076211353,4.5));
#1127 = CARTESIAN_POINT('',(78.196152422707,3.996802888651E-15));
#1128 = CARTESIAN_POINT('',(73.,-4.440892098501E-16));
#1129 = ( GEOMETRIC_REPRESENTATION_CONTEXT(2)
PARAMETRIC_REPRESENTATION_CONTEXT() REPRESENTATION_CONTEXT('2D SPACE',''
  ) );
#1130 = PCURVE('',#706,#1131);
#1131 = DEFINITIONAL_REPRESENTATION('',(#1132),#1136);
#1132 = LINE('',#1133,#1134);
#1133 = CARTESIAN_POINT('',(4.712388980385,6.));
#1134 = VECTOR('',#1135,1.);
#1135 = DIRECTION('',(-1.,0.));
#1136 = ( GEOMETRIC_REPRESENTATION_CONTEXT(2)
PARAMETRIC_REPRESENTATION_CONTEXT() REPRESENTATION_CONTEXT('2D SPACE',''
  ) );
#1137 = ORIENTED_EDGE('',*,*,#1138,.T.);
#1138 = EDGE_CURVE('',#1111,#1139,#1141,.T.);
#1139 = VERTEX_POINT('',#1140);
#1140 = CARTESIAN_POINT('',(45.,7.,12.));
#1141 = SURFACE_CURVE('',#1142,(#1146,#1153),.PCURVE_S1.);
#1142 = LINE('',#1143,#1144);
#1143 = CARTESIAN_POINT('',(45.,0.,12.));
#1144 = VECTOR('',#1145,1.);
#1145 = DIRECTION('',(0.,1.,0.));
#1146 = PCURVE('',#999,#1147);
#1147 = DEFINITIONAL_REPRESENTATION('',(#1148),#1152);
#1148 = LINE('',#1149,#1150);
#1149 = CARTESIAN_POINT('',(76.,0.));
#1150 = VECTOR('',#1151,1.);
#1151 = DIRECTION('',(0.,1.));
#1152 = ( GEOMETRIC_REPRESENTATION_CONTEXT(2)
PARAMETRIC_REPRESENTATION_CONTEXT() REPRESENTATION_CONTEXT('2D SPACE',''
  ) );
#1153 = PCURVE('',#734,#1154);
#1154 = DEFINITIONAL_REPRESENTATION('',(#1155),#1159);
#1155 = LINE('',#1156,#1157);
#1156 = CARTESIAN_POINT('',(6.,0.));
#1157 = VECTOR('',#1158,1.);
#1158 = DIRECTION('',(0.,-1.));
#1159 = ( GEOMETRIC_REPRESENTATION_CONTEXT(2)
PARAMETRIC_REPRESENTATION_CONTEXT() REPRESENTATION_CONTEXT('2D SPACE',''
  ) );
#1160 = ORIENTED_EDGE('',*,*,#1161,.T.);
#1161 = EDGE_CURVE('',#1139,#1162,#1164,.T.);
#1162 = VERTEX_POINT('',#1163);
#1163 = CARTESIAN_POINT('',(42.,10.,12.));
#1164 = SURFACE_CURVE('',#1165,(#1170,#1177),.PCURVE_S1.);
#1165 = CIRCLE('',#1166,3.);
#1166 = AXIS2_PLACEMENT_3D('',#1167,#1168,#1169);
#1167 = CARTESIAN_POINT('',(42.,7.,12.));
#1168 = DIRECTION('',(0.,0.,1.));
#1169 = DIRECTION('',(0.,-1.,0.));
#1170 = PCURVE('',#999,#1171);
#1171 = DEFINITIONAL_REPRESENTATION('',(#1172),#1176);
#1172 = CIRCLE('',#1173,3.);
#1173 = AXIS2_PLACEMENT_2D('',#1174,#1175);
#1174 = CARTESIAN_POINT('',(73.,7.));
#1175 = DIRECTION('',(0.,-1.));
#1176 = ( GEOMETRIC_REPRESENTATION_CONTEXT(2)
PARAMETRIC_REPRESENTATION_CONTEXT() REPRESENTATION_CONTEXT('2D SPACE',''
  ) );
#1177 = PCURVE('',#763,#1178);
#1178 = DEFINITIONAL_REPRESENTATION('',(#1179),#1183);
#1179 = LINE('',#1180,#1181);
#1180 = CARTESIAN_POINT('',(-1.570796326795,6.));
#1181 = VECTOR('',#1182,1.);
#1182 = DIRECTION('',(1.,0.));
#1183 = ( GEOMETRIC_REPRESENTATION_CONTEXT(2)
PARAMETRIC_REPRESENTATION_CONTEXT() REPRESENTATION_CONTEXT('2D SPACE',''
  ) );
#1184 = ORIENTED_EDGE('',*,*,#1185,.F.);
#1185 = EDGE_CURVE('',#1186,#1162,#1188,.T.);
#1186 = VERTEX_POINT('',#1187);
#1187 = CARTESIAN_POINT('',(-28.,10.,12.));
#1188 = SURFACE_CURVE('',#1189,(#1193,#1200),.PCURVE_S1.);
#1189 = LINE('',#1190,#1191);
#1190 = CARTESIAN_POINT('',(-31.,10.,12.));
#1191 = VECTOR('',#1192,1.);
#1192 = DIRECTION('',(1.,0.,0.));
#1193 = PCURVE('',#999,#1194);
#1194 = DEFINITIONAL_REPRESENTATION('',(#1195),#1199);
#1195 = LINE('',#1196,#1197);
#1196 = CARTESIAN_POINT('',(0.,10.));
#1197 = VECTOR('',#1198,1.);
#1198 = DIRECTION('',(1.,0.));
#1199 = ( GEOMETRIC_REPRESENTATION_CONTEXT(2)
PARAMETRIC_REPRESENTATION_CONTEXT() REPRESENTATION_CONTEXT('2D SPACE',''
  ) );
#1200 = PCURVE('',#917,#1201);
#1201 = DEFINITIONAL_REPRESENTATION('',(#1202),#1206);
#1202 = LINE('',#1203,#1204);
#1203 = CARTESIAN_POINT('',(6.,0.));
#1204 = VECTOR('',#1205,1.);
#1205 = DIRECTION('',(0.,1.));
#1206 = ( GEOMETRIC_REPRESENTATION_CONTEXT(2)
PARAMETRIC_REPRESENTATION_CONTEXT() REPRESENTATION_CONTEXT('2D SPACE',''
  ) );
#1207 = ORIENTED_EDGE('',*,*,#1208,.F.);
#1208 = EDGE_CURVE('',#1060,#1186,#1209,.T.);
#1209 = SURFACE_CURVE('',#1210,(#1215,#1226),.PCURVE_S1.);
#1210 = CIRCLE('',#1211,3.);
#1211 = AXIS2_PLACEMENT_3D('',#1212,#1213,#1214);
#1212 = CARTESIAN_POINT('',(-28.,7.,12.));
#1213 = DIRECTION('',(-0.,-0.,-1.));
#1214 = DIRECTION('',(0.,-1.,0.));
#1215 = PCURVE('',#999,#1216);
#1216 = DEFINITIONAL_REPRESENTATION('',(#1217),#1225);
#1217 = ( BOUNDED_CURVE() B_SPLINE_CURVE(2,(#1218,#1219,#1220,#1221,
#1222,#1223,#1224),.UNSPECIFIED.,.T.,.F.) B_SPLINE_CURVE_WITH_KNOTS((1,2
    ,2,2,2,1),(-2.094395102393,0.,2.094395102393,4.188790204786,
6.28318530718,8.377580409573),.UNSPECIFIED.) CURVE()
GEOMETRIC_REPRESENTATION_ITEM() RATIONAL_B_SPLINE_CURVE((1.,0.5,1.,0.5,
1.,0.5,1.)) REPRESENTATION_ITEM('') );
#1218 = CARTESIAN_POINT('',(3.,4.));
#1219 = CARTESIAN_POINT('',(-2.196152422707,4.));
#1220 = CARTESIAN_POINT('',(0.401923788647,8.5));
#1221 = CARTESIAN_POINT('',(3.,13.));
#1222 = CARTESIAN_POINT('',(5.598076211353,8.5));
#1223 = CARTESIAN_POINT('',(8.196152422707,4.));
#1224 = CARTESIAN_POINT('',(3.,4.));
#1225 = ( GEOMETRIC_REPRESENTATION_CONTEXT(2)
PARAMETRIC_REPRESENTATION_CONTEXT() REPRESENTATION_CONTEXT('2D SPACE',''
  ) );
#1226 = PCURVE('',#1227,#1232);
#1227 = CYLINDRICAL_SURFACE('',#1228,3.);
#1228 = AXIS2_PLACEMENT_3D('',#1229,#1230,#1231);
#1229 = CARTESIAN_POINT('',(-28.,7.,6.));
#1230 = DIRECTION('',(0.,0.,1.));
#1231 = DIRECTION('',(-1.,-0.,0.));
#1232 = DEFINITIONAL_REPRESENTATION('',(#1233),#1237);
#1233 = LINE('',#1234,#1235);
#1234 = CARTESIAN_POINT('',(1.570796326795,6.));
#1235 = VECTOR('',#1236,1.);
#1236 = DIRECTION('',(-1.,0.));
#1237 = ( GEOMETRIC_REPRESENTATION_CONTEXT(2)
PARAMETRIC_REPRESENTATION_CONTEXT() REPRESENTATION_CONTEXT('2D SPACE',''
  ) );
#1238 = ADVANCED_FACE('',(#1239),#1227,.T.);
#1239 = FACE_BOUND('',#1240,.F.);
#1240 = EDGE_LOOP('',(#1241,#1264,#1292,#1318,#1352,#1380,#1401));
#1241 = ORIENTED_EDGE('',*,*,#1242,.F.);
#1242 = EDGE_CURVE('',#1243,#1060,#1245,.T.);
#1243 = VERTEX_POINT('',#1244);
#1244 = CARTESIAN_POINT('',(-31.,7.,6.));
#1245 = SURFACE_CURVE('',#1246,(#1250,#1257),.PCURVE_S1.);
#1246 = LINE('',#1247,#1248);
#1247 = CARTESIAN_POINT('',(-31.,7.,6.));
#1248 = VECTOR('',#1249,1.);
#1249 = DIRECTION('',(0.,0.,1.));
#1250 = PCURVE('',#1227,#1251);
#1251 = DEFINITIONAL_REPRESENTATION('',(#1252),#1256);
#1252 = LINE('',#1253,#1254);
#1253 = CARTESIAN_POINT('',(-0.,0.));
#1254 = VECTOR('',#1255,1.);
#1255 = DIRECTION('',(-0.,1.));
#1256 = ( GEOMETRIC_REPRESENTATION_CONTEXT(2)
PARAMETRIC_REPRESENTATION_CONTEXT() REPRESENTATION_CONTEXT('2D SPACE',''
  ) );
#1257 = PCURVE('',#1075,#1258);
#1258 = DEFINITIONAL_REPRESENTATION('',(#1259),#1263);
#1259 = LINE('',#1260,#1261);
#1260 = CARTESIAN_POINT('',(0.,-7.));
#1261 = VECTOR('',#1262,1.);
#1262 = DIRECTION('',(1.,0.));
#1263 = ( GEOMETRIC_REPRESENTATION_CONTEXT(2)
PARAMETRIC_REPRESENTATION_CONTEXT() REPRESENTATION_CONTEXT('2D SPACE',''
  ) );
#1264 = ORIENTED_EDGE('',*,*,#1265,.T.);
#1265 = EDGE_CURVE('',#1243,#1266,#1268,.T.);
#1266 = VERTEX_POINT('',#1267);
#1267 = CARTESIAN_POINT('',(-30.5,8.658312395178,6.));
#1268 = SURFACE_CURVE('',#1269,(#1274,#1281),.PCURVE_S1.);
#1269 = CIRCLE('',#1270,3.);
#1270 = AXIS2_PLACEMENT_3D('',#1271,#1272,#1273);
#1271 = CARTESIAN_POINT('',(-28.,7.,6.));
#1272 = DIRECTION('',(-0.,-0.,-1.));
#1273 = DIRECTION('',(0.,-1.,0.));
#1274 = PCURVE('',#1227,#1275);
#1275 = DEFINITIONAL_REPRESENTATION('',(#1276),#1280);
#1276 = LINE('',#1277,#1278);
#1277 = CARTESIAN_POINT('',(1.570796326795,-0.));
#1278 = VECTOR('',#1279,1.);
#1279 = DIRECTION('',(-1.,0.));
#1280 = ( GEOMETRIC_REPRESENTATION_CONTEXT(2)
PARAMETRIC_REPRESENTATION_CONTEXT() REPRESENTATION_CONTEXT('2D SPACE',''
  ) );
#1281 = PCURVE('',#154,#1282);
#1282 = DEFINITIONAL_REPRESENTATION('',(#1283),#1291);
#1283 = ( BOUNDED_CURVE() B_SPLINE_CURVE(2,(#1284,#1285,#1286,#1287,
#1288,#1289,#1290),.UNSPECIFIED.,.T.,.F.) B_SPLINE_CURVE_WITH_KNOTS((1,2
    ,2,2,2,1),(-2.094395102393,0.,2.094395102393,4.188790204786,
6.28318530718,8.377580409573),.UNSPECIFIED.) CURVE()
GEOMETRIC_REPRESENTATION_ITEM() RATIONAL_B_SPLINE_CURVE((1.,0.5,1.,0.5,
1.,0.5,1.)) REPRESENTATION_ITEM('') );
#1284 = CARTESIAN_POINT('',(3.,4.));
#1285 = CARTESIAN_POINT('',(-2.196152422707,4.));
#1286 = CARTESIAN_POINT('',(0.401923788647,8.5));
#1287 = CARTESIAN_POINT('',(3.,13.));
#1288 = CARTESIAN_POINT('',(5.598076211353,8.5));
#1289 = CARTESIAN_POINT('',(8.196152422707,4.));
#1290 = CARTESIAN_POINT('',(3.,4.));
#1291 = ( GEOMETRIC_REPRESENTATION_CONTEXT(2)
PARAMETRIC_REPRESENTATION_CONTEXT() REPRESENTATION_CONTEXT('2D SPACE',''
  ) );
#1292 = ORIENTED_EDGE('',*,*,#1293,.T.);
#1293 = EDGE_CURVE('',#1266,#1294,#1296,.T.);
#1294 = VERTEX_POINT('',#1295);
#1295 = CARTESIAN_POINT('',(-30.5,8.658312395178,9.028224780016));
#1296 = SURFACE_CURVE('',#1297,(#1301,#1307),.PCURVE_S1.);
#1297 = LINE('',#1298,#1299);
#1298 = CARTESIAN_POINT('',(-30.5,8.658312395178,6.));
#1299 = VECTOR('',#1300,1.);
#1300 = DIRECTION('',(0.,0.,1.));
#1301 = PCURVE('',#1227,#1302);
#1302 = DEFINITIONAL_REPRESENTATION('',(#1303),#1306);
#1303 = B_SPLINE_CURVE_WITH_KNOTS('',1,(#1304,#1305),.UNSPECIFIED.,.F.,
  .F.,(2,2),(-5.999999999062E-07,5.373609481306),
  .PIECEWISE_BEZIER_KNOTS.);
#1304 = CARTESIAN_POINT('',(-0.585685543457,-5.999999999062E-07));
#1305 = CARTESIAN_POINT('',(-0.585685543457,5.373609481306));
#1306 = ( GEOMETRIC_REPRESENTATION_CONTEXT(2)
PARAMETRIC_REPRESENTATION_CONTEXT() REPRESENTATION_CONTEXT('2D SPACE',''
  ) );
#1307 = PCURVE('',#1308,#1313);
#1308 = PLANE('',#1309);
#1309 = AXIS2_PLACEMENT_3D('',#1310,#1311,#1312);
#1310 = CARTESIAN_POINT('',(-30.5,1.211833105262,9.387029168943));
#1311 = DIRECTION('',(1.,0.,0.));
#1312 = DIRECTION('',(0.,0.954422612758,0.298458500056));
#1313 = DEFINITIONAL_REPRESENTATION('',(#1314),#1317);
#1314 = B_SPLINE_CURVE_WITH_KNOTS('',1,(#1315,#1316),.UNSPECIFIED.,.F.,
  .F.,(2,2),(-5.999999999062E-07,5.373609481306),
  .PIECEWISE_BEZIER_KNOTS.);
#1315 = CARTESIAN_POINT('',(6.09620039525,-5.455122841128));
#1316 = CARTESIAN_POINT('',(7.7,-0.326427867384));
#1317 = ( GEOMETRIC_REPRESENTATION_CONTEXT(2)
PARAMETRIC_REPRESENTATION_CONTEXT() REPRESENTATION_CONTEXT('2D SPACE',''
  ) );
#1318 = ORIENTED_EDGE('',*,*,#1319,.F.);
#1319 = EDGE_CURVE('',#1320,#1294,#1322,.T.);
#1320 = VERTEX_POINT('',#1321);
#1321 = CARTESIAN_POINT('',(-29.48746733962,9.605271754263,6.));
#1322 = SURFACE_CURVE('',#1323,(#1328,#1340),.PCURVE_S1.);
#1323 = ELLIPSE('',#1324,10.051648719811,3.);
#1324 = AXIS2_PLACEMENT_3D('',#1325,#1326,#1327);
#1325 = CARTESIAN_POINT('',(-28.,7.,14.331242950651));
#1326 = DIRECTION('',(0.,0.954422612758,0.298458500056));
#1327 = DIRECTION('',(0.,-0.298458500056,0.954422612758));
#1328 = PCURVE('',#1227,#1329);
#1329 = DEFINITIONAL_REPRESENTATION('',(#1330),#1339);
#1330 = B_SPLINE_CURVE_WITH_KNOTS('',7,(#1331,#1332,#1333,#1334,#1335,
    #1336,#1337,#1338),.UNSPECIFIED.,.F.,.F.,(8,8),(3.660374159846,
    4.466929817829),.PIECEWISE_BEZIER_KNOTS.);
#1331 = CARTESIAN_POINT('',(-1.052014820539,-6.000000052353E-07));
#1332 = CARTESIAN_POINT('',(-0.936792583684,0.548074930806));
#1333 = CARTESIAN_POINT('',(-0.821570346829,1.225191949272));
#1334 = CARTESIAN_POINT('',(-0.706348109974,2.019465430107));
#1335 = CARTESIAN_POINT('',(-0.59112587312,2.914814750794));
#1336 = CARTESIAN_POINT('',(-0.475903636265,3.891601126753));
#1337 = CARTESIAN_POINT('',(-0.360681399411,4.927746703952));
#1338 = CARTESIAN_POINT('',(-0.245459162556,6.0000006));
#1339 = ( GEOMETRIC_REPRESENTATION_CONTEXT(2)
PARAMETRIC_REPRESENTATION_CONTEXT() REPRESENTATION_CONTEXT('2D SPACE',''
  ) );
#1340 = PCURVE('',#1341,#1346);
#1341 = PLANE('',#1342);
#1342 = AXIS2_PLACEMENT_3D('',#1343,#1344,#1345);
#1343 = CARTESIAN_POINT('',(-30.5,7.892791394571,11.476238669332));
#1344 = DIRECTION('',(0.,0.954422612758,0.298458500056));
#1345 = DIRECTION('',(1.,0.,0.));
#1346 = DEFINITIONAL_REPRESENTATION('',(#1347),#1351);
#1347 = ELLIPSE('',#1348,10.051648719811,3.);
#1348 = AXIS2_PLACEMENT_2D('',#1349,#1350);
#1349 = CARTESIAN_POINT('',(2.5,-2.9913418261));
#1350 = DIRECTION('',(0.,-1.));
#1351 = ( GEOMETRIC_REPRESENTATION_CONTEXT(2)
PARAMETRIC_REPRESENTATION_CONTEXT() REPRESENTATION_CONTEXT('2D SPACE',''
  ) );
#1352 = ORIENTED_EDGE('',*,*,#1353,.T.);
#1353 = EDGE_CURVE('',#1320,#1354,#1356,.T.);
#1354 = VERTEX_POINT('',#1355);
#1355 = CARTESIAN_POINT('',(-28.,10.,6.));
#1356 = SURFACE_CURVE('',#1357,(#1362,#1369),.PCURVE_S1.);
#1357 = CIRCLE('',#1358,3.);
#1358 = AXIS2_PLACEMENT_3D('',#1359,#1360,#1361);
#1359 = CARTESIAN_POINT('',(-28.,7.,6.));
#1360 = DIRECTION('',(-0.,-0.,-1.));
#1361 = DIRECTION('',(0.,-1.,0.));
#1362 = PCURVE('',#1227,#1363);
#1363 = DEFINITIONAL_REPRESENTATION('',(#1364),#1368);
#1364 = LINE('',#1365,#1366);
#1365 = CARTESIAN_POINT('',(1.570796326795,-0.));
#1366 = VECTOR('',#1367,1.);
#1367 = DIRECTION('',(-1.,0.));
#1368 = ( GEOMETRIC_REPRESENTATION_CONTEXT(2)
PARAMETRIC_REPRESENTATION_CONTEXT() REPRESENTATION_CONTEXT('2D SPACE',''
  ) );
#1369 = PCURVE('',#154,#1370);
#1370 = DEFINITIONAL_REPRESENTATION('',(#1371),#1379);
#1371 = ( BOUNDED_CURVE() B_SPLINE_CURVE(2,(#1372,#1373,#1374,#1375,
#1376,#1377,#1378),.UNSPECIFIED.,.T.,.F.) B_SPLINE_CURVE_WITH_KNOTS((1,2
    ,2,2,2,1),(-2.094395102393,0.,2.094395102393,4.188790204786,
6.28318530718,8.377580409573),.UNSPECIFIED.) CURVE()
GEOMETRIC_REPRESENTATION_ITEM() RATIONAL_B_SPLINE_CURVE((1.,0.5,1.,0.5,
1.,0.5,1.)) REPRESENTATION_ITEM('') );
#1372 = CARTESIAN_POINT('',(3.,4.));
#1373 = CARTESIAN_POINT('',(-2.196152422707,4.));
#1374 = CARTESIAN_POINT('',(0.401923788647,8.5));
#1375 = CARTESIAN_POINT('',(3.,13.));
#1376 = CARTESIAN_POINT('',(5.598076211353,8.5));
#1377 = CARTESIAN_POINT('',(8.196152422707,4.));
#1378 = CARTESIAN_POINT('',(3.,4.));
#1379 = ( GEOMETRIC_REPRESENTATION_CONTEXT(2)
PARAMETRIC_REPRESENTATION_CONTEXT() REPRESENTATION_CONTEXT('2D SPACE',''
  ) );
#1380 = ORIENTED_EDGE('',*,*,#1381,.T.);
#1381 = EDGE_CURVE('',#1354,#1186,#1382,.T.);
#1382 = SURFACE_CURVE('',#1383,(#1387,#1394),.PCURVE_S1.);
#1383 = LINE('',#1384,#1385);
#1384 = CARTESIAN_POINT('',(-28.,10.,6.));
#1385 = VECTOR('',#1386,1.);
#1386 = DIRECTION('',(0.,0.,1.));
#1387 = PCURVE('',#1227,#1388);
#1388 = DEFINITIONAL_REPRESENTATION('',(#1389),#1393);
#1389 = LINE('',#1390,#1391);
#1390 = CARTESIAN_POINT('',(-1.570796326795,0.));
#1391 = VECTOR('',#1392,1.);
#1392 = DIRECTION('',(-0.,1.));
#1393 = ( GEOMETRIC_REPRESENTATION_CONTEXT(2)
PARAMETRIC_REPRESENTATION_CONTEXT() REPRESENTATION_CONTEXT('2D SPACE',''
  ) );
#1394 = PCURVE('',#917,#1395);
#1395 = DEFINITIONAL_REPRESENTATION('',(#1396),#1400);
#1396 = LINE('',#1397,#1398);
#1397 = CARTESIAN_POINT('',(0.,3.));
#1398 = VECTOR('',#1399,1.);
#1399 = DIRECTION('',(1.,0.));
#1400 = ( GEOMETRIC_REPRESENTATION_CONTEXT(2)
PARAMETRIC_REPRESENTATION_CONTEXT() REPRESENTATION_CONTEXT('2D SPACE',''
  ) );
#1401 = ORIENTED_EDGE('',*,*,#1208,.F.);
#1402 = ADVANCED_FACE('',(#1403),#1308,.F.);
#1403 = FACE_BOUND('',#1404,.F.);
#1404 = EDGE_LOOP('',(#1405,#1426,#1454,#1482,#1508,#1534,#1560,#1588,
    #1609));
#1405 = ORIENTED_EDGE('',*,*,#1406,.F.);
#1406 = EDGE_CURVE('',#1407,#1266,#1409,.T.);
#1407 = VERTEX_POINT('',#1408);
#1408 = CARTESIAN_POINT('',(-30.5,2.27099456256,6.));
#1409 = SURFACE_CURVE('',#1410,(#1414,#1420),.PCURVE_S1.);
#1410 = LINE('',#1411,#1412);
#1411 = CARTESIAN_POINT('',(-30.5,0.605916552631,6.));
#1412 = VECTOR('',#1413,1.);
#1413 = DIRECTION('',(0.,1.,0.));
#1414 = PCURVE('',#1308,#1415);
#1415 = DEFINITIONAL_REPRESENTATION('',(#1416),#1419);
#1416 = B_SPLINE_CURVE_WITH_KNOTS('',1,(#1417,#1418),.UNSPECIFIED.,.F.,
  .F.,(2,2),(1.665078009929,8.999355201632),.PIECEWISE_BEZIER_KNOTS.);
#1417 = CARTESIAN_POINT('',(-6.883382752676E-15,-3.548772968773));
#1418 = CARTESIAN_POINT('',(7.,-5.737750338401));
#1419 = ( GEOMETRIC_REPRESENTATION_CONTEXT(2)
PARAMETRIC_REPRESENTATION_CONTEXT() REPRESENTATION_CONTEXT('2D SPACE',''
  ) );
#1420 = PCURVE('',#154,#1421);
#1421 = DEFINITIONAL_REPRESENTATION('',(#1422),#1425);
#1422 = B_SPLINE_CURVE_WITH_KNOTS('',1,(#1423,#1424),.UNSPECIFIED.,.F.,
  .F.,(2,2),(1.665078009929,8.999355201632),.PIECEWISE_BEZIER_KNOTS.);
#1423 = CARTESIAN_POINT('',(0.5,2.27099456256));
#1424 = CARTESIAN_POINT('',(0.5,9.605271754263));
#1425 = ( GEOMETRIC_REPRESENTATION_CONTEXT(2)
PARAMETRIC_REPRESENTATION_CONTEXT() REPRESENTATION_CONTEXT('2D SPACE',''
  ) );
#1426 = ORIENTED_EDGE('',*,*,#1427,.T.);
#1427 = EDGE_CURVE('',#1407,#1428,#1430,.T.);
#1428 = VERTEX_POINT('',#1429);
#1429 = CARTESIAN_POINT('',(-30.5,21.248420072615,-54.68677566684));
#1430 = SURFACE_CURVE('',#1431,(#1435,#1442),.PCURVE_S1.);
#1431 = LINE('',#1432,#1433);
#1432 = CARTESIAN_POINT('',(-30.5,1.211833105262,9.387029168943));
#1433 = VECTOR('',#1434,1.);
#1434 = DIRECTION('',(0.,0.298458500056,-0.954422612758));
#1435 = PCURVE('',#1308,#1436);
#1436 = DEFINITIONAL_REPRESENTATION('',(#1437),#1441);
#1437 = LINE('',#1438,#1439);
#1438 = CARTESIAN_POINT('',(0.,0.));
#1439 = VECTOR('',#1440,1.);
#1440 = DIRECTION('',(0.,-1.));
#1441 = ( GEOMETRIC_REPRESENTATION_CONTEXT(2)
PARAMETRIC_REPRESENTATION_CONTEXT() REPRESENTATION_CONTEXT('2D SPACE',''
  ) );
#1442 = PCURVE('',#1443,#1448);
#1443 = PLANE('',#1444);
#1444 = AXIS2_PLACEMENT_3D('',#1445,#1446,#1447);
#1445 = CARTESIAN_POINT('',(-30.5,1.211833105262,9.387029168943));
#1446 = DIRECTION('',(0.,0.954422612758,0.298458500056));
#1447 = DIRECTION('',(1.,0.,0.));
#1448 = DEFINITIONAL_REPRESENTATION('',(#1449),#1453);
#1449 = LINE('',#1450,#1451);
#1450 = CARTESIAN_POINT('',(0.,0.));
#1451 = VECTOR('',#1452,1.);
#1452 = DIRECTION('',(0.,1.));
#1453 = ( GEOMETRIC_REPRESENTATION_CONTEXT(2)
PARAMETRIC_REPRESENTATION_CONTEXT() REPRESENTATION_CONTEXT('2D SPACE',''
  ) );
#1454 = ORIENTED_EDGE('',*,*,#1455,.T.);
#1455 = EDGE_CURVE('',#1428,#1456,#1458,.T.);
#1456 = VERTEX_POINT('',#1457);
#1457 = CARTESIAN_POINT('',(-30.5,21.733042970882,-54.53522873011));
#1458 = SURFACE_CURVE('',#1459,(#1463,#1470),.PCURVE_S1.);
#1459 = LINE('',#1460,#1461);
#1460 = CARTESIAN_POINT('',(-30.5,21.248420072615,-54.68677566684));
#1461 = VECTOR('',#1462,1.);
#1462 = DIRECTION('',(0.,0.954422612758,0.298458500056));
#1463 = PCURVE('',#1308,#1464);
#1464 = DEFINITIONAL_REPRESENTATION('',(#1465),#1469);
#1465 = LINE('',#1466,#1467);
#1466 = CARTESIAN_POINT('',(-7.105427357601E-15,-67.13357791325));
#1467 = VECTOR('',#1468,1.);
#1468 = DIRECTION('',(1.,0.));
#1469 = ( GEOMETRIC_REPRESENTATION_CONTEXT(2)
PARAMETRIC_REPRESENTATION_CONTEXT() REPRESENTATION_CONTEXT('2D SPACE',''
  ) );
#1470 = PCURVE('',#1471,#1476);
#1471 = PLANE('',#1472);
#1472 = AXIS2_PLACEMENT_3D('',#1473,#1474,#1475);
#1473 = CARTESIAN_POINT('',(-30.5,21.248420072615,-54.68677566684));
#1474 = DIRECTION('',(0.,0.298458500056,-0.954422612758));
#1475 = DIRECTION('',(0.,0.954422612758,0.298458500056));
#1476 = DEFINITIONAL_REPRESENTATION('',(#1477),#1481);
#1477 = LINE('',#1478,#1479);
#1478 = CARTESIAN_POINT('',(0.,0.));
#1479 = VECTOR('',#1480,1.);
#1480 = DIRECTION('',(1.,0.));
#1481 = ( GEOMETRIC_REPRESENTATION_CONTEXT(2)
PARAMETRIC_REPRESENTATION_CONTEXT() REPRESENTATION_CONTEXT('2D SPACE',''
  ) );
#1482 = ORIENTED_EDGE('',*,*,#1483,.T.);
#1483 = EDGE_CURVE('',#1456,#1484,#1486,.T.);
#1484 = VERTEX_POINT('',#1485);
#1485 = CARTESIAN_POINT('',(-30.5,21.542381725317,-49.81343792305));
#1486 = SURFACE_CURVE('',#1487,(#1491,#1497),.PCURVE_S1.);
#1487 = LINE('',#1488,#1489);
#1488 = CARTESIAN_POINT('',(-30.5,21.744112392726,-54.80936673938));
#1489 = VECTOR('',#1490,1.);
#1490 = DIRECTION('',(0.,-4.034613348181E-02,0.999185763266));
#1491 = PCURVE('',#1308,#1492);
#1492 = DEFINITIONAL_REPRESENTATION('',(#1493),#1496);
#1493 = B_SPLINE_CURVE_WITH_KNOTS('',1,(#1494,#1495),.UNSPECIFIED.,.F.,
  .F.,(2,2),(-5.999999940556E-07,5.0000006),.PIECEWISE_BEZIER_KNOTS.);
#1494 = CARTESIAN_POINT('',(0.43651145583,-67.39852577076));
#1495 = CARTESIAN_POINT('',(1.735052877724,-62.57008894549));
#1496 = ( GEOMETRIC_REPRESENTATION_CONTEXT(2)
PARAMETRIC_REPRESENTATION_CONTEXT() REPRESENTATION_CONTEXT('2D SPACE',''
  ) );
#1497 = PCURVE('',#1498,#1503);
#1498 = CYLINDRICAL_SURFACE('',#1499,2.5);
#1499 = AXIS2_PLACEMENT_3D('',#1500,#1501,#1502);
#1500 = CARTESIAN_POINT('',(-28.5,23.242891037625,-54.74884753916));
#1501 = DIRECTION('',(0.,-4.034613348181E-02,0.999185763266));
#1502 = DIRECTION('',(-1.,-0.,0.));
#1503 = DEFINITIONAL_REPRESENTATION('',(#1504),#1507);
#1504 = B_SPLINE_CURVE_WITH_KNOTS('',1,(#1505,#1506),.UNSPECIFIED.,.F.,
  .F.,(2,2),(-5.999999940556E-07,5.0000006),.PIECEWISE_BEZIER_KNOTS.);
#1505 = CARTESIAN_POINT('',(0.643501108793,-5.999999974418E-07));
#1506 = CARTESIAN_POINT('',(0.643501108793,5.0000006));
#1507 = ( GEOMETRIC_REPRESENTATION_CONTEXT(2)
PARAMETRIC_REPRESENTATION_CONTEXT() REPRESENTATION_CONTEXT('2D SPACE',''
  ) );
#1508 = ORIENTED_EDGE('',*,*,#1509,.T.);
#1509 = EDGE_CURVE('',#1484,#1510,#1512,.T.);
#1510 = VERTEX_POINT('',#1511);
#1511 = CARTESIAN_POINT('',(-30.5,26.538310541646,-49.61170725564));
#1512 = SURFACE_CURVE('',#1513,(#1517,#1523),.PCURVE_S1.);
#1513 = LINE('',#1514,#1515);
#1514 = CARTESIAN_POINT('',(-30.5,10.338769155536,-50.26582872448));
#1515 = VECTOR('',#1516,1.);
#1516 = DIRECTION('',(-0.,0.999185763266,4.034613348181E-02));
#1517 = PCURVE('',#1308,#1518);
#1518 = DEFINITIONAL_REPRESENTATION('',(#1519),#1522);
#1519 = B_SPLINE_CURVE_WITH_KNOTS('',1,(#1520,#1521),.UNSPECIFIED.,.F.,
  .F.,(2,2),(9.41603965287,16.664764171087),.PIECEWISE_BEZIER_KNOTS.);
#1520 = CARTESIAN_POINT('',(-3.552713678801E-15,-62.1034710498));
#1521 = CARTESIAN_POINT('',(7.,-63.98602440655));
#1522 = ( GEOMETRIC_REPRESENTATION_CONTEXT(2)
PARAMETRIC_REPRESENTATION_CONTEXT() REPRESENTATION_CONTEXT('2D SPACE',''
  ) );
#1523 = PCURVE('',#1524,#1529);
#1524 = PLANE('',#1525);
#1525 = AXIS2_PLACEMENT_3D('',#1526,#1527,#1528);
#1526 = CARTESIAN_POINT('',(-19.5,17.046045790621,-49.99499552372));
#1527 = DIRECTION('',(0.,-4.034613348181E-02,0.999185763266));
#1528 = DIRECTION('',(1.,0.,0.));
#1529 = DEFINITIONAL_REPRESENTATION('',(#1530),#1533);
#1530 = B_SPLINE_CURVE_WITH_KNOTS('',1,(#1531,#1532),.UNSPECIFIED.,.F.,
  .F.,(2,2),(9.41603965287,16.664764171087),.PIECEWISE_BEZIER_KNOTS.);
#1531 = CARTESIAN_POINT('',(-11.,2.703297256339));
#1532 = CARTESIAN_POINT('',(-11.,9.952021774556));
#1533 = ( GEOMETRIC_REPRESENTATION_CONTEXT(2)
PARAMETRIC_REPRESENTATION_CONTEXT() REPRESENTATION_CONTEXT('2D SPACE',''
  ) );
#1534 = ORIENTED_EDGE('',*,*,#1535,.F.);
#1535 = EDGE_CURVE('',#1536,#1510,#1538,.T.);
#1536 = VERTEX_POINT('',#1537);
#1537 = CARTESIAN_POINT('',(-30.5,26.674719109341,-52.98991198224));
#1538 = SURFACE_CURVE('',#1539,(#1543,#1549),.PCURVE_S1.);
#1539 = LINE('',#1540,#1541);
#1540 = CARTESIAN_POINT('',(-30.5,26.740041209055,-54.60763607197));
#1541 = VECTOR('',#1542,1.);
#1542 = DIRECTION('',(0.,-4.034613348181E-02,0.999185763266));
#1543 = PCURVE('',#1308,#1544);
#1544 = DEFINITIONAL_REPRESENTATION('',(#1545),#1548);
#1545 = B_SPLINE_CURVE_WITH_KNOTS('',1,(#1546,#1547),.UNSPECIFIED.,.F.,
  .F.,(2,2),(-6.000000011553E-07,5.0000006),.PIECEWISE_BEZIER_KNOTS.);
#1546 = CARTESIAN_POINT('',(5.264947122276,-68.69706688101));
#1547 = CARTESIAN_POINT('',(6.56348854417,-63.86863005574));
#1548 = ( GEOMETRIC_REPRESENTATION_CONTEXT(2)
PARAMETRIC_REPRESENTATION_CONTEXT() REPRESENTATION_CONTEXT('2D SPACE',''
  ) );
#1549 = PCURVE('',#1550,#1555);
#1550 = CYLINDRICAL_SURFACE('',#1551,2.5);
#1551 = AXIS2_PLACEMENT_3D('',#1552,#1553,#1554);
#1552 = CARTESIAN_POINT('',(-28.5,25.241262564157,-54.66815527219));
#1553 = DIRECTION('',(0.,-4.034613348181E-02,0.999185763266));
#1554 = DIRECTION('',(-1.,-0.,0.));
#1555 = DEFINITIONAL_REPRESENTATION('',(#1556),#1559);
#1556 = B_SPLINE_CURVE_WITH_KNOTS('',1,(#1557,#1558),.UNSPECIFIED.,.F.,
  .F.,(2,2),(-6.000000011553E-07,5.0000006),.PIECEWISE_BEZIER_KNOTS.);
#1557 = CARTESIAN_POINT('',(-0.643501108793,-5.999999977691E-07));
#1558 = CARTESIAN_POINT('',(-0.643501108793,5.0000006));
#1559 = ( GEOMETRIC_REPRESENTATION_CONTEXT(2)
PARAMETRIC_REPRESENTATION_CONTEXT() REPRESENTATION_CONTEXT('2D SPACE',''
  ) );
#1560 = ORIENTED_EDGE('',*,*,#1561,.T.);
#1561 = EDGE_CURVE('',#1536,#1562,#1564,.T.);
#1562 = VERTEX_POINT('',#1563);
#1563 = CARTESIAN_POINT('',(-30.5,27.929378361924,-52.59756616645));
#1564 = SURFACE_CURVE('',#1565,(#1569,#1576),.PCURVE_S1.);
#1565 = LINE('',#1566,#1567);
#1566 = CARTESIAN_POINT('',(-30.5,21.248420072615,-54.68677566684));
#1567 = VECTOR('',#1568,1.);
#1568 = DIRECTION('',(0.,0.954422612758,0.298458500056));
#1569 = PCURVE('',#1308,#1570);
#1570 = DEFINITIONAL_REPRESENTATION('',(#1571),#1575);
#1571 = LINE('',#1572,#1573);
#1572 = CARTESIAN_POINT('',(-7.105427357601E-15,-67.13357791325));
#1573 = VECTOR('',#1574,1.);
#1574 = DIRECTION('',(1.,0.));
#1575 = ( GEOMETRIC_REPRESENTATION_CONTEXT(2)
PARAMETRIC_REPRESENTATION_CONTEXT() REPRESENTATION_CONTEXT('2D SPACE',''
  ) );
#1576 = PCURVE('',#1577,#1582);
#1577 = PLANE('',#1578);
#1578 = AXIS2_PLACEMENT_3D('',#1579,#1580,#1581);
#1579 = CARTESIAN_POINT('',(-30.5,21.248420072615,-54.68677566684));
#1580 = DIRECTION('',(0.,0.298458500056,-0.954422612758));
#1581 = DIRECTION('',(0.,0.954422612758,0.298458500056));
#1582 = DEFINITIONAL_REPRESENTATION('',(#1583),#1587);
#1583 = LINE('',#1584,#1585);
#1584 = CARTESIAN_POINT('',(0.,0.));
#1585 = VECTOR('',#1586,1.);
#1586 = DIRECTION('',(1.,0.));
#1587 = ( GEOMETRIC_REPRESENTATION_CONTEXT(2)
PARAMETRIC_REPRESENTATION_CONTEXT() REPRESENTATION_CONTEXT('2D SPACE',''
  ) );
#1588 = ORIENTED_EDGE('',*,*,#1589,.F.);
#1589 = EDGE_CURVE('',#1294,#1562,#1590,.T.);
#1590 = SURFACE_CURVE('',#1591,(#1595,#1602),.PCURVE_S1.);
#1591 = LINE('',#1592,#1593);
#1592 = CARTESIAN_POINT('',(-30.5,7.892791394571,11.476238669332));
#1593 = VECTOR('',#1594,1.);
#1594 = DIRECTION('',(0.,0.298458500056,-0.954422612758));
#1595 = PCURVE('',#1308,#1596);
#1596 = DEFINITIONAL_REPRESENTATION('',(#1597),#1601);
#1597 = LINE('',#1598,#1599);
#1598 = CARTESIAN_POINT('',(7.,-2.22044604925E-16));
#1599 = VECTOR('',#1600,1.);
#1600 = DIRECTION('',(0.,-1.));
#1601 = ( GEOMETRIC_REPRESENTATION_CONTEXT(2)
PARAMETRIC_REPRESENTATION_CONTEXT() REPRESENTATION_CONTEXT('2D SPACE',''
  ) );
#1602 = PCURVE('',#1341,#1603);
#1603 = DEFINITIONAL_REPRESENTATION('',(#1604),#1608);
#1604 = LINE('',#1605,#1606);
#1605 = CARTESIAN_POINT('',(0.,0.));
#1606 = VECTOR('',#1607,1.);
#1607 = DIRECTION('',(0.,1.));
#1608 = ( GEOMETRIC_REPRESENTATION_CONTEXT(2)
PARAMETRIC_REPRESENTATION_CONTEXT() REPRESENTATION_CONTEXT('2D SPACE',''
  ) );
#1609 = ORIENTED_EDGE('',*,*,#1293,.F.);
#1610 = ADVANCED_FACE('',(#1611),#1443,.F.);
#1611 = FACE_BOUND('',#1612,.F.);
#1612 = EDGE_LOOP('',(#1613,#1614,#1635,#1663,#1689,#1717));
#1613 = ORIENTED_EDGE('',*,*,#1427,.F.);
#1614 = ORIENTED_EDGE('',*,*,#1615,.F.);
#1615 = EDGE_CURVE('',#1616,#1407,#1618,.T.);
#1616 = VERTEX_POINT('',#1617);
#1617 = CARTESIAN_POINT('',(-23.5,2.27099456256,6.));
#1618 = SURFACE_CURVE('',#1619,(#1623,#1629),.PCURVE_S1.);
#1619 = LINE('',#1620,#1621);
#1620 = CARTESIAN_POINT('',(-30.75,2.27099456256,6.));
#1621 = VECTOR('',#1622,1.);
#1622 = DIRECTION('',(-1.,0.,0.));
#1623 = PCURVE('',#1443,#1624);
#1624 = DEFINITIONAL_REPRESENTATION('',(#1625),#1628);
#1625 = B_SPLINE_CURVE_WITH_KNOTS('',1,(#1626,#1627),.UNSPECIFIED.,.F.,
  .F.,(2,2),(-7.25,-0.25),.PIECEWISE_BEZIER_KNOTS.);
#1626 = CARTESIAN_POINT('',(7.,3.548772968773));
#1627 = CARTESIAN_POINT('',(0.,3.548772968773));
#1628 = ( GEOMETRIC_REPRESENTATION_CONTEXT(2)
PARAMETRIC_REPRESENTATION_CONTEXT() REPRESENTATION_CONTEXT('2D SPACE',''
  ) );
#1629 = PCURVE('',#154,#1630);
#1630 = DEFINITIONAL_REPRESENTATION('',(#1631),#1634);
#1631 = B_SPLINE_CURVE_WITH_KNOTS('',1,(#1632,#1633),.UNSPECIFIED.,.F.,
  .F.,(2,2),(-7.25,-0.25),.PIECEWISE_BEZIER_KNOTS.);
#1632 = CARTESIAN_POINT('',(7.5,2.27099456256));
#1633 = CARTESIAN_POINT('',(0.5,2.27099456256));
#1634 = ( GEOMETRIC_REPRESENTATION_CONTEXT(2)
PARAMETRIC_REPRESENTATION_CONTEXT() REPRESENTATION_CONTEXT('2D SPACE',''
  ) );
#1635 = ORIENTED_EDGE('',*,*,#1636,.T.);
#1636 = EDGE_CURVE('',#1616,#1637,#1639,.T.);
#1637 = VERTEX_POINT('',#1638);
#1638 = CARTESIAN_POINT('',(-23.5,20.662718272472,-52.81379485951));
#1639 = SURFACE_CURVE('',#1640,(#1644,#1651),.PCURVE_S1.);
#1640 = LINE('',#1641,#1642);
#1641 = CARTESIAN_POINT('',(-23.5,1.211833105262,9.387029168943));
#1642 = VECTOR('',#1643,1.);
#1643 = DIRECTION('',(0.,0.298458500056,-0.954422612758));
#1644 = PCURVE('',#1443,#1645);
#1645 = DEFINITIONAL_REPRESENTATION('',(#1646),#1650);
#1646 = LINE('',#1647,#1648);
#1647 = CARTESIAN_POINT('',(7.,0.));
#1648 = VECTOR('',#1649,1.);
#1649 = DIRECTION('',(0.,1.));
#1650 = ( GEOMETRIC_REPRESENTATION_CONTEXT(2)
PARAMETRIC_REPRESENTATION_CONTEXT() REPRESENTATION_CONTEXT('2D SPACE',''
  ) );
#1651 = PCURVE('',#1652,#1657);
#1652 = PLANE('',#1653);
#1653 = AXIS2_PLACEMENT_3D('',#1654,#1655,#1656);
#1654 = CARTESIAN_POINT('',(-23.5,1.211833105262,9.387029168943));
#1655 = DIRECTION('',(1.,0.,0.));
#1656 = DIRECTION('',(0.,0.954422612758,0.298458500056));
#1657 = DEFINITIONAL_REPRESENTATION('',(#1658),#1662);
#1658 = LINE('',#1659,#1660);
#1659 = CARTESIAN_POINT('',(0.,0.));
#1660 = VECTOR('',#1661,1.);
#1661 = DIRECTION('',(0.,-1.));
#1662 = ( GEOMETRIC_REPRESENTATION_CONTEXT(2)
PARAMETRIC_REPRESENTATION_CONTEXT() REPRESENTATION_CONTEXT('2D SPACE',''
  ) );
#1663 = ORIENTED_EDGE('',*,*,#1664,.F.);
#1664 = EDGE_CURVE('',#1665,#1637,#1667,.T.);
#1665 = VERTEX_POINT('',#1666);
#1666 = CARTESIAN_POINT('',(-28.5,20.662718272472,-52.81379485951));
#1667 = SURFACE_CURVE('',#1668,(#1672,#1678),.PCURVE_S1.);
#1668 = LINE('',#1669,#1670);
#1669 = CARTESIAN_POINT('',(-30.75,20.662718272472,-52.81379485951));
#1670 = VECTOR('',#1671,1.);
#1671 = DIRECTION('',(1.,0.,0.));
#1672 = PCURVE('',#1443,#1673);
#1673 = DEFINITIONAL_REPRESENTATION('',(#1674),#1677);
#1674 = B_SPLINE_CURVE_WITH_KNOTS('',1,(#1675,#1676),.UNSPECIFIED.,.F.,
  .F.,(2,2),(2.25,7.25),.PIECEWISE_BEZIER_KNOTS.);
#1675 = CARTESIAN_POINT('',(2.,65.171154996721));
#1676 = CARTESIAN_POINT('',(7.,65.171154996721));
#1677 = ( GEOMETRIC_REPRESENTATION_CONTEXT(2)
PARAMETRIC_REPRESENTATION_CONTEXT() REPRESENTATION_CONTEXT('2D SPACE',''
  ) );
#1678 = PCURVE('',#1679,#1684);
#1679 = PLANE('',#1680);
#1680 = AXIS2_PLACEMENT_3D('',#1681,#1682,#1683);
#1681 = CARTESIAN_POINT('',(-31.,20.744926629461,-54.84971287286));
#1682 = DIRECTION('',(0.,0.999185763266,4.034613348181E-02));
#1683 = DIRECTION('',(0.,-4.034613348181E-02,0.999185763266));
#1684 = DEFINITIONAL_REPRESENTATION('',(#1685),#1688);
#1685 = B_SPLINE_CURVE_WITH_KNOTS('',1,(#1686,#1687),.UNSPECIFIED.,.F.,
  .F.,(2,2),(2.25,7.25),.PIECEWISE_BEZIER_KNOTS.);
#1686 = CARTESIAN_POINT('',(2.037577083465,2.5));
#1687 = CARTESIAN_POINT('',(2.037577083465,7.5));
#1688 = ( GEOMETRIC_REPRESENTATION_CONTEXT(2)
PARAMETRIC_REPRESENTATION_CONTEXT() REPRESENTATION_CONTEXT('2D SPACE',''
  ) );
#1689 = ORIENTED_EDGE('',*,*,#1690,.F.);
#1690 = EDGE_CURVE('',#1691,#1665,#1693,.T.);
#1691 = VERTEX_POINT('',#1692);
#1692 = CARTESIAN_POINT('',(-30.01279086509,21.248420072615,
    -54.68677566684));
#1693 = SURFACE_CURVE('',#1694,(#1699,#1706),.PCURVE_S1.);
#1694 = ELLIPSE('',#1695,9.626187343158,2.5);
#1695 = AXIS2_PLACEMENT_3D('',#1696,#1697,#1698);
#1696 = CARTESIAN_POINT('',(-28.5,23.535735708164,-62.00124573447));
#1697 = DIRECTION('',(0.,0.954422612758,0.298458500056));
#1698 = DIRECTION('',(0.,-0.298458500056,0.954422612758));
#1699 = PCURVE('',#1443,#1700);
#1700 = DEFINITIONAL_REPRESENTATION('',(#1701),#1705);
#1701 = ELLIPSE('',#1702,9.626187343158,2.5);
#1702 = AXIS2_PLACEMENT_2D('',#1703,#1704);
#1703 = CARTESIAN_POINT('',(2.,74.797342339879));
#1704 = DIRECTION('',(0.,-1.));
#1705 = ( GEOMETRIC_REPRESENTATION_CONTEXT(2)
PARAMETRIC_REPRESENTATION_CONTEXT() REPRESENTATION_CONTEXT('2D SPACE',''
  ) );
#1706 = PCURVE('',#1498,#1707);
#1707 = DEFINITIONAL_REPRESENTATION('',(#1708),#1716);
#1708 = B_SPLINE_CURVE_WITH_KNOTS('',6,(#1709,#1710,#1711,#1712,#1713,
    #1714,#1715),.UNSPECIFIED.,.F.,.F.,(7,7),(5.608348061096,
    6.28318530718),.PIECEWISE_BEZIER_KNOTS.);
#1709 = CARTESIAN_POINT('',(0.895959080711,-6.000000070117E-07));
#1710 = CARTESIAN_POINT('',(1.008431955059,0.653218517715));
#1711 = CARTESIAN_POINT('',(1.120904829406,1.196254997966));
#1712 = CARTESIAN_POINT('',(1.233377703753,1.614236709658));
#1713 = CARTESIAN_POINT('',(1.3458505781,1.896464105026));
#1714 = CARTESIAN_POINT('',(1.458323452448,2.037577083465));
#1715 = CARTESIAN_POINT('',(1.570796326795,2.037577083465));
#1716 = ( GEOMETRIC_REPRESENTATION_CONTEXT(2)
PARAMETRIC_REPRESENTATION_CONTEXT() REPRESENTATION_CONTEXT('2D SPACE',''
  ) );
#1717 = ORIENTED_EDGE('',*,*,#1718,.F.);
#1718 = EDGE_CURVE('',#1428,#1691,#1719,.T.);
#1719 = SURFACE_CURVE('',#1720,(#1724,#1731),.PCURVE_S1.);
#1720 = LINE('',#1721,#1722);
#1721 = CARTESIAN_POINT('',(-30.5,21.248420072615,-54.68677566684));
#1722 = VECTOR('',#1723,1.);
#1723 = DIRECTION('',(1.,0.,0.));
#1724 = PCURVE('',#1443,#1725);
#1725 = DEFINITIONAL_REPRESENTATION('',(#1726),#1730);
#1726 = LINE('',#1727,#1728);
#1727 = CARTESIAN_POINT('',(0.,67.133577913256));
#1728 = VECTOR('',#1729,1.);
#1729 = DIRECTION('',(1.,0.));
#1730 = ( GEOMETRIC_REPRESENTATION_CONTEXT(2)
PARAMETRIC_REPRESENTATION_CONTEXT() REPRESENTATION_CONTEXT('2D SPACE',''
  ) );
#1731 = PCURVE('',#1471,#1732);
#1732 = DEFINITIONAL_REPRESENTATION('',(#1733),#1737);
#1733 = LINE('',#1734,#1735);
#1734 = CARTESIAN_POINT('',(0.,0.));
#1735 = VECTOR('',#1736,1.);
#1736 = DIRECTION('',(0.,1.));
#1737 = ( GEOMETRIC_REPRESENTATION_CONTEXT(2)
PARAMETRIC_REPRESENTATION_CONTEXT() REPRESENTATION_CONTEXT('2D SPACE',''
  ) );
#1738 = ADVANCED_FACE('',(#1739),#1652,.T.);
#1739 = FACE_BOUND('',#1740,.T.);
#1740 = EDGE_LOOP('',(#1741,#1766,#1785,#1786,#1807));
#1741 = ORIENTED_EDGE('',*,*,#1742,.F.);
#1742 = EDGE_CURVE('',#1743,#1745,#1747,.T.);
#1743 = VERTEX_POINT('',#1744);
#1744 = CARTESIAN_POINT('',(-23.5,9.605271754263,6.));
#1745 = VERTEX_POINT('',#1746);
#1746 = CARTESIAN_POINT('',(-23.5,26.989964263469,-49.59346992479));
#1747 = SURFACE_CURVE('',#1748,(#1752,#1759),.PCURVE_S1.);
#1748 = LINE('',#1749,#1750);
#1749 = CARTESIAN_POINT('',(-23.5,7.892791394571,11.476238669332));
#1750 = VECTOR('',#1751,1.);
#1751 = DIRECTION('',(0.,0.298458500056,-0.954422612758));
#1752 = PCURVE('',#1652,#1753);
#1753 = DEFINITIONAL_REPRESENTATION('',(#1754),#1758);
#1754 = LINE('',#1755,#1756);
#1755 = CARTESIAN_POINT('',(7.,-2.22044604925E-16));
#1756 = VECTOR('',#1757,1.);
#1757 = DIRECTION('',(0.,-1.));
#1758 = ( GEOMETRIC_REPRESENTATION_CONTEXT(2)
PARAMETRIC_REPRESENTATION_CONTEXT() REPRESENTATION_CONTEXT('2D SPACE',''
  ) );
#1759 = PCURVE('',#1341,#1760);
#1760 = DEFINITIONAL_REPRESENTATION('',(#1761),#1765);
#1761 = LINE('',#1762,#1763);
#1762 = CARTESIAN_POINT('',(7.,0.));
#1763 = VECTOR('',#1764,1.);
#1764 = DIRECTION('',(0.,1.));
#1765 = ( GEOMETRIC_REPRESENTATION_CONTEXT(2)
PARAMETRIC_REPRESENTATION_CONTEXT() REPRESENTATION_CONTEXT('2D SPACE',''
  ) );
#1766 = ORIENTED_EDGE('',*,*,#1767,.F.);
#1767 = EDGE_CURVE('',#1616,#1743,#1768,.T.);
#1768 = SURFACE_CURVE('',#1769,(#1773,#1779),.PCURVE_S1.);
#1769 = LINE('',#1770,#1771);
#1770 = CARTESIAN_POINT('',(-23.5,0.605916552631,6.));
#1771 = VECTOR('',#1772,1.);
#1772 = DIRECTION('',(0.,1.,0.));
#1773 = PCURVE('',#1652,#1774);
#1774 = DEFINITIONAL_REPRESENTATION('',(#1775),#1778);
#1775 = B_SPLINE_CURVE_WITH_KNOTS('',1,(#1776,#1777),.UNSPECIFIED.,.F.,
  .F.,(2,2),(1.665078009929,8.999355201632),.PIECEWISE_BEZIER_KNOTS.);
#1776 = CARTESIAN_POINT('',(-6.883382752676E-15,-3.548772968773));
#1777 = CARTESIAN_POINT('',(7.,-5.737750338401));
#1778 = ( GEOMETRIC_REPRESENTATION_CONTEXT(2)
PARAMETRIC_REPRESENTATION_CONTEXT() REPRESENTATION_CONTEXT('2D SPACE',''
  ) );
#1779 = PCURVE('',#154,#1780);
#1780 = DEFINITIONAL_REPRESENTATION('',(#1781),#1784);
#1781 = B_SPLINE_CURVE_WITH_KNOTS('',1,(#1782,#1783),.UNSPECIFIED.,.F.,
  .F.,(2,2),(1.665078009929,8.999355201632),.PIECEWISE_BEZIER_KNOTS.);
#1782 = CARTESIAN_POINT('',(7.5,2.27099456256));
#1783 = CARTESIAN_POINT('',(7.5,9.605271754263));
#1784 = ( GEOMETRIC_REPRESENTATION_CONTEXT(2)
PARAMETRIC_REPRESENTATION_CONTEXT() REPRESENTATION_CONTEXT('2D SPACE',''
  ) );
#1785 = ORIENTED_EDGE('',*,*,#1636,.T.);
#1786 = ORIENTED_EDGE('',*,*,#1787,.F.);
#1787 = EDGE_CURVE('',#1788,#1637,#1790,.T.);
#1788 = VERTEX_POINT('',#1789);
#1789 = CARTESIAN_POINT('',(-23.5,20.543195962051,-49.85378405653));
#1790 = SURFACE_CURVE('',#1791,(#1795,#1801),.PCURVE_S1.);
#1791 = LINE('',#1792,#1793);
#1792 = CARTESIAN_POINT('',(-23.5,19.434231588162,-22.3899029176));
#1793 = VECTOR('',#1794,1.);
#1794 = DIRECTION('',(0.,4.034613348181E-02,-0.999185763266));
#1795 = PCURVE('',#1652,#1796);
#1796 = DEFINITIONAL_REPRESENTATION('',(#1797),#1800);
#1797 = B_SPLINE_CURVE_WITH_KNOTS('',1,(#1798,#1799),.UNSPECIFIED.,.F.,
  .F.,(2,2),(27.486261462697,30.448684379232),.PIECEWISE_BEZIER_KNOTS.);
#1798 = CARTESIAN_POINT('',(0.76936558861,-62.31038130286));
#1799 = CARTESIAN_POINT('',(-9.769962616701E-15,-65.17115499672));
#1800 = ( GEOMETRIC_REPRESENTATION_CONTEXT(2)
PARAMETRIC_REPRESENTATION_CONTEXT() REPRESENTATION_CONTEXT('2D SPACE',''
  ) );
#1801 = PCURVE('',#1679,#1802);
#1802 = DEFINITIONAL_REPRESENTATION('',(#1803),#1806);
#1803 = B_SPLINE_CURVE_WITH_KNOTS('',1,(#1804,#1805),.UNSPECIFIED.,.F.,
  .F.,(2,2),(27.486261462697,30.448684379232),.PIECEWISE_BEZIER_KNOTS.);
#1804 = CARTESIAN_POINT('',(5.,7.5));
#1805 = CARTESIAN_POINT('',(2.037577083465,7.5));
#1806 = ( GEOMETRIC_REPRESENTATION_CONTEXT(2)
PARAMETRIC_REPRESENTATION_CONTEXT() REPRESENTATION_CONTEXT('2D SPACE',''
  ) );
#1807 = ORIENTED_EDGE('',*,*,#1808,.T.);
#1808 = EDGE_CURVE('',#1788,#1745,#1809,.T.);
#1809 = SURFACE_CURVE('',#1810,(#1814,#1820),.PCURVE_S1.);
#1810 = LINE('',#1811,#1812);
#1811 = CARTESIAN_POINT('',(-23.5,10.338769155536,-50.26582872448));
#1812 = VECTOR('',#1813,1.);
#1813 = DIRECTION('',(-0.,0.999185763266,4.034613348181E-02));
#1814 = PCURVE('',#1652,#1815);
#1815 = DEFINITIONAL_REPRESENTATION('',(#1816),#1819);
#1816 = B_SPLINE_CURVE_WITH_KNOTS('',1,(#1817,#1818),.UNSPECIFIED.,.F.,
  .F.,(2,2),(9.41603965287,16.664764171087),.PIECEWISE_BEZIER_KNOTS.);
#1817 = CARTESIAN_POINT('',(-3.552713678801E-15,-62.1034710498));
#1818 = CARTESIAN_POINT('',(7.,-63.98602440655));
#1819 = ( GEOMETRIC_REPRESENTATION_CONTEXT(2)
PARAMETRIC_REPRESENTATION_CONTEXT() REPRESENTATION_CONTEXT('2D SPACE',''
  ) );
#1820 = PCURVE('',#1821,#1826);
#1821 = PLANE('',#1822);
#1822 = AXIS2_PLACEMENT_3D('',#1823,#1824,#1825);
#1823 = CARTESIAN_POINT('',(-19.5,17.046045790621,-49.99499552372));
#1824 = DIRECTION('',(0.,-4.034613348181E-02,0.999185763266));
#1825 = DIRECTION('',(1.,0.,0.));
#1826 = DEFINITIONAL_REPRESENTATION('',(#1827),#1830);
#1827 = B_SPLINE_CURVE_WITH_KNOTS('',1,(#1828,#1829),.UNSPECIFIED.,.F.,
  .F.,(2,2),(9.41603965287,16.664764171087),.PIECEWISE_BEZIER_KNOTS.);
#1828 = CARTESIAN_POINT('',(-4.,2.703297256339));
#1829 = CARTESIAN_POINT('',(-4.,9.952021774556));
#1830 = ( GEOMETRIC_REPRESENTATION_CONTEXT(2)
PARAMETRIC_REPRESENTATION_CONTEXT() REPRESENTATION_CONTEXT('2D SPACE',''
  ) );
#1831 = ADVANCED_FACE('',(#1832,#2202,#2233),#1821,.T.);
#1832 = FACE_BOUND('',#1833,.T.);
#1833 = EDGE_LOOP('',(#1834,#1864,#1893,#1921,#1954,#1982,#2011,#2039,
    #2072,#2100,#2128,#2161,#2180,#2181));
#1834 = ORIENTED_EDGE('',*,*,#1835,.F.);
#1835 = EDGE_CURVE('',#1836,#1838,#1840,.T.);
#1836 = VERTEX_POINT('',#1837);
#1837 = CARTESIAN_POINT('',(-19.5,20.043603080419,-49.87395712327));
#1838 = VERTEX_POINT('',#1839);
#1839 = CARTESIAN_POINT('',(-19.5,20.543195962051,-49.85378405653));
#1840 = SURFACE_CURVE('',#1841,(#1845,#1852),.PCURVE_S1.);
#1841 = LINE('',#1842,#1843);
#1842 = CARTESIAN_POINT('',(-19.5,17.046045790621,-49.99499552372));
#1843 = VECTOR('',#1844,1.);
#1844 = DIRECTION('',(0.,0.999185763266,4.034613348181E-02));
#1845 = PCURVE('',#1821,#1846);
#1846 = DEFINITIONAL_REPRESENTATION('',(#1847),#1851);
#1847 = LINE('',#1848,#1849);
#1848 = CARTESIAN_POINT('',(0.,0.));
#1849 = VECTOR('',#1850,1.);
#1850 = DIRECTION('',(0.,1.));
#1851 = ( GEOMETRIC_REPRESENTATION_CONTEXT(2)
PARAMETRIC_REPRESENTATION_CONTEXT() REPRESENTATION_CONTEXT('2D SPACE',''
  ) );
#1852 = PCURVE('',#1853,#1858);
#1853 = PLANE('',#1854);
#1854 = AXIS2_PLACEMENT_3D('',#1855,#1856,#1857);
#1855 = CARTESIAN_POINT('',(-19.5,17.24777645803,-54.99092434005));
#1856 = DIRECTION('',(1.,0.,0.));
#1857 = DIRECTION('',(0.,-4.034613348181E-02,0.999185763266));
#1858 = DEFINITIONAL_REPRESENTATION('',(#1859),#1863);
#1859 = LINE('',#1860,#1861);
#1860 = CARTESIAN_POINT('',(5.,-4.440892098501E-16));
#1861 = VECTOR('',#1862,1.);
#1862 = DIRECTION('',(0.,-1.));
#1863 = ( GEOMETRIC_REPRESENTATION_CONTEXT(2)
PARAMETRIC_REPRESENTATION_CONTEXT() REPRESENTATION_CONTEXT('2D SPACE',''
  ) );
#1864 = ORIENTED_EDGE('',*,*,#1865,.T.);
#1865 = EDGE_CURVE('',#1836,#1866,#1868,.T.);
#1866 = VERTEX_POINT('',#1867);
#1867 = CARTESIAN_POINT('',(-16.5,17.046045790621,-49.99499552372));
#1868 = SURFACE_CURVE('',#1869,(#1874,#1881),.PCURVE_S1.);
#1869 = CIRCLE('',#1870,3.);
#1870 = AXIS2_PLACEMENT_3D('',#1871,#1872,#1873);
#1871 = CARTESIAN_POINT('',(-16.5,20.043603080419,-49.87395712327));
#1872 = DIRECTION('',(0.,-4.034613348181E-02,0.999185763266));
#1873 = DIRECTION('',(0.,-0.999185763266,-4.034613348181E-02));
#1874 = PCURVE('',#1821,#1875);
#1875 = DEFINITIONAL_REPRESENTATION('',(#1876),#1880);
#1876 = CIRCLE('',#1877,3.);
#1877 = AXIS2_PLACEMENT_2D('',#1878,#1879);
#1878 = CARTESIAN_POINT('',(3.,3.));
#1879 = DIRECTION('',(0.,-1.));
#1880 = ( GEOMETRIC_REPRESENTATION_CONTEXT(2)
PARAMETRIC_REPRESENTATION_CONTEXT() REPRESENTATION_CONTEXT('2D SPACE',''
  ) );
#1881 = PCURVE('',#1882,#1887);
#1882 = CYLINDRICAL_SURFACE('',#1883,3.);
#1883 = AXIS2_PLACEMENT_3D('',#1884,#1885,#1886);
#1884 = CARTESIAN_POINT('',(-16.5,20.245333747828,-54.8698859396));
#1885 = DIRECTION('',(0.,-4.034613348181E-02,0.999185763266));
#1886 = DIRECTION('',(-1.,-0.,0.));
#1887 = DEFINITIONAL_REPRESENTATION('',(#1888),#1892);
#1888 = LINE('',#1889,#1890);
#1889 = CARTESIAN_POINT('',(-4.712388980385,5.));
#1890 = VECTOR('',#1891,1.);
#1891 = DIRECTION('',(1.,0.));
#1892 = ( GEOMETRIC_REPRESENTATION_CONTEXT(2)
PARAMETRIC_REPRESENTATION_CONTEXT() REPRESENTATION_CONTEXT('2D SPACE',''
  ) );
#1893 = ORIENTED_EDGE('',*,*,#1894,.T.);
#1894 = EDGE_CURVE('',#1866,#1895,#1897,.T.);
#1895 = VERTEX_POINT('',#1896);
#1896 = CARTESIAN_POINT('',(63.5,17.046045790621,-49.99499552372));
#1897 = SURFACE_CURVE('',#1898,(#1902,#1909),.PCURVE_S1.);
#1898 = LINE('',#1899,#1900);
#1899 = CARTESIAN_POINT('',(-19.5,17.046045790621,-49.99499552372));
#1900 = VECTOR('',#1901,1.);
#1901 = DIRECTION('',(1.,0.,0.));
#1902 = PCURVE('',#1821,#1903);
#1903 = DEFINITIONAL_REPRESENTATION('',(#1904),#1908);
#1904 = LINE('',#1905,#1906);
#1905 = CARTESIAN_POINT('',(0.,0.));
#1906 = VECTOR('',#1907,1.);
#1907 = DIRECTION('',(1.,0.));
#1908 = ( GEOMETRIC_REPRESENTATION_CONTEXT(2)
PARAMETRIC_REPRESENTATION_CONTEXT() REPRESENTATION_CONTEXT('2D SPACE',''
  ) );
#1909 = PCURVE('',#1910,#1915);
#1910 = PLANE('',#1911);
#1911 = AXIS2_PLACEMENT_3D('',#1912,#1913,#1914);
#1912 = CARTESIAN_POINT('',(-19.5,17.24777645803,-54.99092434005));
#1913 = DIRECTION('',(0.,0.999185763266,4.034613348181E-02));
#1914 = DIRECTION('',(0.,-4.034613348181E-02,0.999185763266));
#1915 = DEFINITIONAL_REPRESENTATION('',(#1916),#1920);
#1916 = LINE('',#1917,#1918);
#1917 = CARTESIAN_POINT('',(5.,0.));
#1918 = VECTOR('',#1919,1.);
#1919 = DIRECTION('',(0.,1.));
#1920 = ( GEOMETRIC_REPRESENTATION_CONTEXT(2)
PARAMETRIC_REPRESENTATION_CONTEXT() REPRESENTATION_CONTEXT('2D SPACE',''
  ) );
#1921 = ORIENTED_EDGE('',*,*,#1922,.F.);
#1922 = EDGE_CURVE('',#1923,#1895,#1925,.T.);
#1923 = VERTEX_POINT('',#1924);
#1924 = CARTESIAN_POINT('',(66.5,20.043603080419,-49.87395712327));
#1925 = SURFACE_CURVE('',#1926,(#1931,#1942),.PCURVE_S1.);
#1926 = CIRCLE('',#1927,3.);
#1927 = AXIS2_PLACEMENT_3D('',#1928,#1929,#1930);
#1928 = CARTESIAN_POINT('',(63.5,20.043603080419,-49.87395712327));
#1929 = DIRECTION('',(0.,4.034613348181E-02,-0.999185763266));
#1930 = DIRECTION('',(0.,-0.999185763266,-4.034613348181E-02));
#1931 = PCURVE('',#1821,#1932);
#1932 = DEFINITIONAL_REPRESENTATION('',(#1933),#1941);
#1933 = ( BOUNDED_CURVE() B_SPLINE_CURVE(2,(#1934,#1935,#1936,#1937,
#1938,#1939,#1940),.UNSPECIFIED.,.T.,.F.) B_SPLINE_CURVE_WITH_KNOTS((1,2
    ,2,2,2,1),(-2.094395102393,0.,2.094395102393,4.188790204786,
6.28318530718,8.377580409573),.UNSPECIFIED.) CURVE()
GEOMETRIC_REPRESENTATION_ITEM() RATIONAL_B_SPLINE_CURVE((1.,0.5,1.,0.5,
1.,0.5,1.)) REPRESENTATION_ITEM('') );
#1934 = CARTESIAN_POINT('',(83.,0.));
#1935 = CARTESIAN_POINT('',(77.803847577293,0.));
#1936 = CARTESIAN_POINT('',(80.401923788647,4.5));
#1937 = CARTESIAN_POINT('',(83.,9.));
#1938 = CARTESIAN_POINT('',(85.598076211353,4.5));
#1939 = CARTESIAN_POINT('',(88.196152422707,4.884981308351E-15));
#1940 = CARTESIAN_POINT('',(83.,0.));
#1941 = ( GEOMETRIC_REPRESENTATION_CONTEXT(2)
PARAMETRIC_REPRESENTATION_CONTEXT() REPRESENTATION_CONTEXT('2D SPACE',''
  ) );
#1942 = PCURVE('',#1943,#1948);
#1943 = CYLINDRICAL_SURFACE('',#1944,3.);
#1944 = AXIS2_PLACEMENT_3D('',#1945,#1946,#1947);
#1945 = CARTESIAN_POINT('',(63.5,20.245333747828,-54.8698859396));
#1946 = DIRECTION('',(0.,-4.034613348181E-02,0.999185763266));
#1947 = DIRECTION('',(1.,0.,0.));
#1948 = DEFINITIONAL_REPRESENTATION('',(#1949),#1953);
#1949 = LINE('',#1950,#1951);
#1950 = CARTESIAN_POINT('',(4.712388980385,5.));
#1951 = VECTOR('',#1952,1.);
#1952 = DIRECTION('',(-1.,0.));
#1953 = ( GEOMETRIC_REPRESENTATION_CONTEXT(2)
PARAMETRIC_REPRESENTATION_CONTEXT() REPRESENTATION_CONTEXT('2D SPACE',''
  ) );
#1954 = ORIENTED_EDGE('',*,*,#1955,.T.);
#1955 = EDGE_CURVE('',#1923,#1956,#1958,.T.);
#1956 = VERTEX_POINT('',#1957);
#1957 = CARTESIAN_POINT('',(66.5,28.037089186545,-49.55118805542));
#1958 = SURFACE_CURVE('',#1959,(#1963,#1970),.PCURVE_S1.);
#1959 = LINE('',#1960,#1961);
#1960 = CARTESIAN_POINT('',(66.5,17.046045790621,-49.99499552372));
#1961 = VECTOR('',#1962,1.);
#1962 = DIRECTION('',(0.,0.999185763266,4.034613348181E-02));
#1963 = PCURVE('',#1821,#1964);
#1964 = DEFINITIONAL_REPRESENTATION('',(#1965),#1969);
#1965 = LINE('',#1966,#1967);
#1966 = CARTESIAN_POINT('',(86.,0.));
#1967 = VECTOR('',#1968,1.);
#1968 = DIRECTION('',(0.,1.));
#1969 = ( GEOMETRIC_REPRESENTATION_CONTEXT(2)
PARAMETRIC_REPRESENTATION_CONTEXT() REPRESENTATION_CONTEXT('2D SPACE',''
  ) );
#1970 = PCURVE('',#1971,#1976);
#1971 = PLANE('',#1972);
#1972 = AXIS2_PLACEMENT_3D('',#1973,#1974,#1975);
#1973 = CARTESIAN_POINT('',(66.5,17.24777645803,-54.99092434005));
#1974 = DIRECTION('',(1.,0.,0.));
#1975 = DIRECTION('',(0.,-4.034613348181E-02,0.999185763266));
#1976 = DEFINITIONAL_REPRESENTATION('',(#1977),#1981);
#1977 = LINE('',#1978,#1979);
#1978 = CARTESIAN_POINT('',(5.,-4.440892098501E-16));
#1979 = VECTOR('',#1980,1.);
#1980 = DIRECTION('',(0.,-1.));
#1981 = ( GEOMETRIC_REPRESENTATION_CONTEXT(2)
PARAMETRIC_REPRESENTATION_CONTEXT() REPRESENTATION_CONTEXT('2D SPACE',''
  ) );
#1982 = ORIENTED_EDGE('',*,*,#1983,.T.);
#1983 = EDGE_CURVE('',#1956,#1984,#1986,.T.);
#1984 = VERTEX_POINT('',#1985);
#1985 = CARTESIAN_POINT('',(63.5,31.034646476342,-49.43014965497));
#1986 = SURFACE_CURVE('',#1987,(#1992,#1999),.PCURVE_S1.);
#1987 = CIRCLE('',#1988,3.);
#1988 = AXIS2_PLACEMENT_3D('',#1989,#1990,#1991);
#1989 = CARTESIAN_POINT('',(63.5,28.037089186545,-49.55118805542));
#1990 = DIRECTION('',(0.,-4.034613348181E-02,0.999185763266));
#1991 = DIRECTION('',(0.,-0.999185763266,-4.034613348181E-02));
#1992 = PCURVE('',#1821,#1993);
#1993 = DEFINITIONAL_REPRESENTATION('',(#1994),#1998);
#1994 = CIRCLE('',#1995,3.);
#1995 = AXIS2_PLACEMENT_2D('',#1996,#1997);
#1996 = CARTESIAN_POINT('',(83.,11.));
#1997 = DIRECTION('',(0.,-1.));
#1998 = ( GEOMETRIC_REPRESENTATION_CONTEXT(2)
PARAMETRIC_REPRESENTATION_CONTEXT() REPRESENTATION_CONTEXT('2D SPACE',''
  ) );
#1999 = PCURVE('',#2000,#2005);
#2000 = CYLINDRICAL_SURFACE('',#2001,3.);
#2001 = AXIS2_PLACEMENT_3D('',#2002,#2003,#2004);
#2002 = CARTESIAN_POINT('',(63.5,28.238819853954,-54.54711687175));
#2003 = DIRECTION('',(0.,-4.034613348181E-02,0.999185763266));
#2004 = DIRECTION('',(1.,0.,0.));
#2005 = DEFINITIONAL_REPRESENTATION('',(#2006),#2010);
#2006 = LINE('',#2007,#2008);
#2007 = CARTESIAN_POINT('',(-1.570796326795,5.));
#2008 = VECTOR('',#2009,1.);
#2009 = DIRECTION('',(1.,0.));
#2010 = ( GEOMETRIC_REPRESENTATION_CONTEXT(2)
PARAMETRIC_REPRESENTATION_CONTEXT() REPRESENTATION_CONTEXT('2D SPACE',''
  ) );
#2011 = ORIENTED_EDGE('',*,*,#2012,.F.);
#2012 = EDGE_CURVE('',#2013,#1984,#2015,.T.);
#2013 = VERTEX_POINT('',#2014);
#2014 = CARTESIAN_POINT('',(-16.5,31.034646476342,-49.43014965497));
#2015 = SURFACE_CURVE('',#2016,(#2020,#2027),.PCURVE_S1.);
#2016 = LINE('',#2017,#2018);
#2017 = CARTESIAN_POINT('',(-19.5,31.034646476342,-49.43014965497));
#2018 = VECTOR('',#2019,1.);
#2019 = DIRECTION('',(1.,0.,0.));
#2020 = PCURVE('',#1821,#2021);
#2021 = DEFINITIONAL_REPRESENTATION('',(#2022),#2026);
#2022 = LINE('',#2023,#2024);
#2023 = CARTESIAN_POINT('',(0.,14.));
#2024 = VECTOR('',#2025,1.);
#2025 = DIRECTION('',(1.,0.));
#2026 = ( GEOMETRIC_REPRESENTATION_CONTEXT(2)
PARAMETRIC_REPRESENTATION_CONTEXT() REPRESENTATION_CONTEXT('2D SPACE',''
  ) );
#2027 = PCURVE('',#2028,#2033);
#2028 = PLANE('',#2029);
#2029 = AXIS2_PLACEMENT_3D('',#2030,#2031,#2032);
#2030 = CARTESIAN_POINT('',(-19.5,31.236377143752,-54.4260784713));
#2031 = DIRECTION('',(0.,0.999185763266,4.034613348181E-02));
#2032 = DIRECTION('',(0.,-4.034613348181E-02,0.999185763266));
#2033 = DEFINITIONAL_REPRESENTATION('',(#2034),#2038);
#2034 = LINE('',#2035,#2036);
#2035 = CARTESIAN_POINT('',(5.,0.));
#2036 = VECTOR('',#2037,1.);
#2037 = DIRECTION('',(0.,1.));
#2038 = ( GEOMETRIC_REPRESENTATION_CONTEXT(2)
PARAMETRIC_REPRESENTATION_CONTEXT() REPRESENTATION_CONTEXT('2D SPACE',''
  ) );
#2039 = ORIENTED_EDGE('',*,*,#2040,.F.);
#2040 = EDGE_CURVE('',#2041,#2013,#2043,.T.);
#2041 = VERTEX_POINT('',#2042);
#2042 = CARTESIAN_POINT('',(-19.5,28.037089186545,-49.55118805542));
#2043 = SURFACE_CURVE('',#2044,(#2049,#2060),.PCURVE_S1.);
#2044 = CIRCLE('',#2045,3.);
#2045 = AXIS2_PLACEMENT_3D('',#2046,#2047,#2048);
#2046 = CARTESIAN_POINT('',(-16.5,28.037089186545,-49.55118805542));
#2047 = DIRECTION('',(0.,4.034613348181E-02,-0.999185763266));
#2048 = DIRECTION('',(0.,-0.999185763266,-4.034613348181E-02));
#2049 = PCURVE('',#1821,#2050);
#2050 = DEFINITIONAL_REPRESENTATION('',(#2051),#2059);
#2051 = ( BOUNDED_CURVE() B_SPLINE_CURVE(2,(#2052,#2053,#2054,#2055,
#2056,#2057,#2058),.UNSPECIFIED.,.T.,.F.) B_SPLINE_CURVE_WITH_KNOTS((1,2
    ,2,2,2,1),(-2.094395102393,0.,2.094395102393,4.188790204786,
6.28318530718,8.377580409573),.UNSPECIFIED.) CURVE()
GEOMETRIC_REPRESENTATION_ITEM() RATIONAL_B_SPLINE_CURVE((1.,0.5,1.,0.5,
1.,0.5,1.)) REPRESENTATION_ITEM('') );
#2052 = CARTESIAN_POINT('',(3.,8.));
#2053 = CARTESIAN_POINT('',(-2.196152422707,8.));
#2054 = CARTESIAN_POINT('',(0.401923788647,12.5));
#2055 = CARTESIAN_POINT('',(3.,17.));
#2056 = CARTESIAN_POINT('',(5.598076211353,12.5));
#2057 = CARTESIAN_POINT('',(8.196152422707,8.));
#2058 = CARTESIAN_POINT('',(3.,8.));
#2059 = ( GEOMETRIC_REPRESENTATION_CONTEXT(2)
PARAMETRIC_REPRESENTATION_CONTEXT() REPRESENTATION_CONTEXT('2D SPACE',''
  ) );
#2060 = PCURVE('',#2061,#2066);
#2061 = CYLINDRICAL_SURFACE('',#2062,3.);
#2062 = AXIS2_PLACEMENT_3D('',#2063,#2064,#2065);
#2063 = CARTESIAN_POINT('',(-16.5,28.238819853954,-54.54711687175));
#2064 = DIRECTION('',(0.,-4.034613348181E-02,0.999185763266));
#2065 = DIRECTION('',(-1.,-0.,0.));
#2066 = DEFINITIONAL_REPRESENTATION('',(#2067),#2071);
#2067 = LINE('',#2068,#2069);
#2068 = CARTESIAN_POINT('',(1.570796326795,5.));
#2069 = VECTOR('',#2070,1.);
#2070 = DIRECTION('',(-1.,0.));
#2071 = ( GEOMETRIC_REPRESENTATION_CONTEXT(2)
PARAMETRIC_REPRESENTATION_CONTEXT() REPRESENTATION_CONTEXT('2D SPACE',''
  ) );
#2072 = ORIENTED_EDGE('',*,*,#2073,.F.);
#2073 = EDGE_CURVE('',#2074,#2041,#2076,.T.);
#2074 = VERTEX_POINT('',#2075);
#2075 = CARTESIAN_POINT('',(-19.5,27.537496304912,-49.57136112216));
#2076 = SURFACE_CURVE('',#2077,(#2081,#2088),.PCURVE_S1.);
#2077 = LINE('',#2078,#2079);
#2078 = CARTESIAN_POINT('',(-19.5,17.046045790621,-49.99499552372));
#2079 = VECTOR('',#2080,1.);
#2080 = DIRECTION('',(0.,0.999185763266,4.034613348181E-02));
#2081 = PCURVE('',#1821,#2082);
#2082 = DEFINITIONAL_REPRESENTATION('',(#2083),#2087);
#2083 = LINE('',#2084,#2085);
#2084 = CARTESIAN_POINT('',(0.,0.));
#2085 = VECTOR('',#2086,1.);
#2086 = DIRECTION('',(0.,1.));
#2087 = ( GEOMETRIC_REPRESENTATION_CONTEXT(2)
PARAMETRIC_REPRESENTATION_CONTEXT() REPRESENTATION_CONTEXT('2D SPACE',''
  ) );
#2088 = PCURVE('',#2089,#2094);
#2089 = PLANE('',#2090);
#2090 = AXIS2_PLACEMENT_3D('',#2091,#2092,#2093);
#2091 = CARTESIAN_POINT('',(-19.5,17.24777645803,-54.99092434005));
#2092 = DIRECTION('',(1.,0.,0.));
#2093 = DIRECTION('',(0.,-4.034613348181E-02,0.999185763266));
#2094 = DEFINITIONAL_REPRESENTATION('',(#2095),#2099);
#2095 = LINE('',#2096,#2097);
#2096 = CARTESIAN_POINT('',(5.,-4.440892098501E-16));
#2097 = VECTOR('',#2098,1.);
#2098 = DIRECTION('',(0.,-1.));
#2099 = ( GEOMETRIC_REPRESENTATION_CONTEXT(2)
PARAMETRIC_REPRESENTATION_CONTEXT() REPRESENTATION_CONTEXT('2D SPACE',''
  ) );
#2100 = ORIENTED_EDGE('',*,*,#2101,.F.);
#2101 = EDGE_CURVE('',#2102,#2074,#2104,.T.);
#2102 = VERTEX_POINT('',#2103);
#2103 = CARTESIAN_POINT('',(-28.5,27.537496304912,-49.57136112216));
#2104 = SURFACE_CURVE('',#2105,(#2109,#2116),.PCURVE_S1.);
#2105 = LINE('',#2106,#2107);
#2106 = CARTESIAN_POINT('',(-31.,27.537496304912,-49.57136112216));
#2107 = VECTOR('',#2108,1.);
#2108 = DIRECTION('',(1.,0.,0.));
#2109 = PCURVE('',#1821,#2110);
#2110 = DEFINITIONAL_REPRESENTATION('',(#2111),#2115);
#2111 = LINE('',#2112,#2113);
#2112 = CARTESIAN_POINT('',(-11.5,10.5));
#2113 = VECTOR('',#2114,1.);
#2114 = DIRECTION('',(1.,0.));
#2115 = ( GEOMETRIC_REPRESENTATION_CONTEXT(2)
PARAMETRIC_REPRESENTATION_CONTEXT() REPRESENTATION_CONTEXT('2D SPACE',''
  ) );
#2116 = PCURVE('',#2117,#2122);
#2117 = PLANE('',#2118);
#2118 = AXIS2_PLACEMENT_3D('',#2119,#2120,#2121);
#2119 = CARTESIAN_POINT('',(-31.,27.739226972321,-54.56728993849));
#2120 = DIRECTION('',(0.,0.999185763266,4.034613348181E-02));
#2121 = DIRECTION('',(0.,-4.034613348181E-02,0.999185763266));
#2122 = DEFINITIONAL_REPRESENTATION('',(#2123),#2127);
#2123 = LINE('',#2124,#2125);
#2124 = CARTESIAN_POINT('',(5.,0.));
#2125 = VECTOR('',#2126,1.);
#2126 = DIRECTION('',(0.,1.));
#2127 = ( GEOMETRIC_REPRESENTATION_CONTEXT(2)
PARAMETRIC_REPRESENTATION_CONTEXT() REPRESENTATION_CONTEXT('2D SPACE',''
  ) );
#2128 = ORIENTED_EDGE('',*,*,#2129,.F.);
#2129 = EDGE_CURVE('',#2130,#2102,#2132,.T.);
#2130 = VERTEX_POINT('',#2131);
#2131 = CARTESIAN_POINT('',(-30.06192541168,26.989964263469,
    -49.59346992479));
#2132 = SURFACE_CURVE('',#2133,(#2138,#2149),.PCURVE_S1.);
#2133 = CIRCLE('',#2134,2.5);
#2134 = AXIS2_PLACEMENT_3D('',#2135,#2136,#2137);
#2135 = CARTESIAN_POINT('',(-28.5,25.039531896748,-49.67222645586));
#2136 = DIRECTION('',(0.,4.034613348181E-02,-0.999185763266));
#2137 = DIRECTION('',(0.,-0.999185763266,-4.034613348181E-02));
#2138 = PCURVE('',#1821,#2139);
#2139 = DEFINITIONAL_REPRESENTATION('',(#2140),#2148);
#2140 = ( BOUNDED_CURVE() B_SPLINE_CURVE(2,(#2141,#2142,#2143,#2144,
#2145,#2146,#2147),.UNSPECIFIED.,.T.,.F.) B_SPLINE_CURVE_WITH_KNOTS((1,2
    ,2,2,2,1),(-2.094395102393,0.,2.094395102393,4.188790204786,
6.28318530718,8.377580409573),.UNSPECIFIED.) CURVE()
GEOMETRIC_REPRESENTATION_ITEM() RATIONAL_B_SPLINE_CURVE((1.,0.5,1.,0.5,
1.,0.5,1.)) REPRESENTATION_ITEM('') );
#2141 = CARTESIAN_POINT('',(-9.,5.5));
#2142 = CARTESIAN_POINT('',(-13.33012701892,5.5));
#2143 = CARTESIAN_POINT('',(-11.16506350946,9.25));
#2144 = CARTESIAN_POINT('',(-9.,13.));
#2145 = CARTESIAN_POINT('',(-6.834936490539,9.25));
#2146 = CARTESIAN_POINT('',(-4.669872981078,5.5));
#2147 = CARTESIAN_POINT('',(-9.,5.5));
#2148 = ( GEOMETRIC_REPRESENTATION_CONTEXT(2)
PARAMETRIC_REPRESENTATION_CONTEXT() REPRESENTATION_CONTEXT('2D SPACE',''
  ) );
#2149 = PCURVE('',#2150,#2155);
#2150 = CYLINDRICAL_SURFACE('',#2151,2.5);
#2151 = AXIS2_PLACEMENT_3D('',#2152,#2153,#2154);
#2152 = CARTESIAN_POINT('',(-28.5,25.241262564157,-54.66815527219));
#2153 = DIRECTION('',(0.,-4.034613348181E-02,0.999185763266));
#2154 = DIRECTION('',(-1.,-0.,0.));
#2155 = DEFINITIONAL_REPRESENTATION('',(#2156),#2160);
#2156 = LINE('',#2157,#2158);
#2157 = CARTESIAN_POINT('',(1.570796326795,5.));
#2158 = VECTOR('',#2159,1.);
#2159 = DIRECTION('',(-1.,0.));
#2160 = ( GEOMETRIC_REPRESENTATION_CONTEXT(2)
PARAMETRIC_REPRESENTATION_CONTEXT() REPRESENTATION_CONTEXT('2D SPACE',''
  ) );
#2161 = ORIENTED_EDGE('',*,*,#2162,.F.);
#2162 = EDGE_CURVE('',#1745,#2130,#2163,.T.);
#2163 = SURFACE_CURVE('',#2164,(#2168,#2174),.PCURVE_S1.);
#2164 = LINE('',#2165,#2166);
#2165 = CARTESIAN_POINT('',(-25.,26.989964263469,-49.59346992479));
#2166 = VECTOR('',#2167,1.);
#2167 = DIRECTION('',(-1.,0.,0.));
#2168 = PCURVE('',#1821,#2169);
#2169 = DEFINITIONAL_REPRESENTATION('',(#2170),#2173);
#2170 = B_SPLINE_CURVE_WITH_KNOTS('',1,(#2171,#2172),.UNSPECIFIED.,.F.,
  .F.,(2,2),(-1.5,5.5),.PIECEWISE_BEZIER_KNOTS.);
#2171 = CARTESIAN_POINT('',(-4.,9.952021774556));
#2172 = CARTESIAN_POINT('',(-11.,9.952021774556));
#2173 = ( GEOMETRIC_REPRESENTATION_CONTEXT(2)
PARAMETRIC_REPRESENTATION_CONTEXT() REPRESENTATION_CONTEXT('2D SPACE',''
  ) );
#2174 = PCURVE('',#1341,#2175);
#2175 = DEFINITIONAL_REPRESENTATION('',(#2176),#2179);
#2176 = B_SPLINE_CURVE_WITH_KNOTS('',1,(#2177,#2178),.UNSPECIFIED.,.F.,
  .F.,(2,2),(-1.5,5.5),.PIECEWISE_BEZIER_KNOTS.);
#2177 = CARTESIAN_POINT('',(7.,63.986024406552));
#2178 = CARTESIAN_POINT('',(0.,63.986024406552));
#2179 = ( GEOMETRIC_REPRESENTATION_CONTEXT(2)
PARAMETRIC_REPRESENTATION_CONTEXT() REPRESENTATION_CONTEXT('2D SPACE',''
  ) );
#2180 = ORIENTED_EDGE('',*,*,#1808,.F.);
#2181 = ORIENTED_EDGE('',*,*,#2182,.T.);
#2182 = EDGE_CURVE('',#1788,#1838,#2183,.T.);
#2183 = SURFACE_CURVE('',#2184,(#2188,#2195),.PCURVE_S1.);
#2184 = LINE('',#2185,#2186);
#2185 = CARTESIAN_POINT('',(-31.,20.543195962051,-49.85378405653));
#2186 = VECTOR('',#2187,1.);
#2187 = DIRECTION('',(1.,0.,0.));
#2188 = PCURVE('',#1821,#2189);
#2189 = DEFINITIONAL_REPRESENTATION('',(#2190),#2194);
#2190 = LINE('',#2191,#2192);
#2191 = CARTESIAN_POINT('',(-11.5,3.5));
#2192 = VECTOR('',#2193,1.);
#2193 = DIRECTION('',(1.,0.));
#2194 = ( GEOMETRIC_REPRESENTATION_CONTEXT(2)
PARAMETRIC_REPRESENTATION_CONTEXT() REPRESENTATION_CONTEXT('2D SPACE',''
  ) );
#2195 = PCURVE('',#1679,#2196);
#2196 = DEFINITIONAL_REPRESENTATION('',(#2197),#2201);
#2197 = LINE('',#2198,#2199);
#2198 = CARTESIAN_POINT('',(5.,0.));
#2199 = VECTOR('',#2200,1.);
#2200 = DIRECTION('',(0.,1.));
#2201 = ( GEOMETRIC_REPRESENTATION_CONTEXT(2)
PARAMETRIC_REPRESENTATION_CONTEXT() REPRESENTATION_CONTEXT('2D SPACE',''
  ) );
#2202 = FACE_BOUND('',#2203,.T.);
#2203 = EDGE_LOOP('',(#2204));
#2204 = ORIENTED_EDGE('',*,*,#2205,.F.);
#2205 = EDGE_CURVE('',#2206,#2206,#2208,.T.);
#2206 = VERTEX_POINT('',#2207);
#2207 = CARTESIAN_POINT('',(6.,24.040346133482,-49.71257258935));
#2208 = SURFACE_CURVE('',#2209,(#2214,#2221),.PCURVE_S1.);
#2209 = CIRCLE('',#2210,5.);
#2210 = AXIS2_PLACEMENT_3D('',#2211,#2212,#2213);
#2211 = CARTESIAN_POINT('',(1.,24.040346133482,-49.71257258935));
#2212 = DIRECTION('',(0.,-4.034613348181E-02,0.999185763266));
#2213 = DIRECTION('',(1.,0.,0.));
#2214 = PCURVE('',#1821,#2215);
#2215 = DEFINITIONAL_REPRESENTATION('',(#2216),#2220);
#2216 = CIRCLE('',#2217,5.);
#2217 = AXIS2_PLACEMENT_2D('',#2218,#2219);
#2218 = CARTESIAN_POINT('',(20.5,7.));
#2219 = DIRECTION('',(1.,0.));
#2220 = ( GEOMETRIC_REPRESENTATION_CONTEXT(2)
PARAMETRIC_REPRESENTATION_CONTEXT() REPRESENTATION_CONTEXT('2D SPACE',''
  ) );
#2221 = PCURVE('',#2222,#2227);
#2222 = CYLINDRICAL_SURFACE('',#2223,5.);
#2223 = AXIS2_PLACEMENT_3D('',#2224,#2225,#2226);
#2224 = CARTESIAN_POINT('',(1.,24.040346133482,-49.71257258935));
#2225 = DIRECTION('',(-0.,4.034613348181E-02,-0.999185763266));
#2226 = DIRECTION('',(1.,0.,0.));
#2227 = DEFINITIONAL_REPRESENTATION('',(#2228),#2232);
#2228 = LINE('',#2229,#2230);
#2229 = CARTESIAN_POINT('',(-0.,0.));
#2230 = VECTOR('',#2231,1.);
#2231 = DIRECTION('',(-1.,0.));
#2232 = ( GEOMETRIC_REPRESENTATION_CONTEXT(2)
PARAMETRIC_REPRESENTATION_CONTEXT() REPRESENTATION_CONTEXT('2D SPACE',''
  ) );
#2233 = FACE_BOUND('',#2234,.T.);
#2234 = EDGE_LOOP('',(#2235,#2270,#2291,#2312));
#2235 = ORIENTED_EDGE('',*,*,#2236,.T.);
#2236 = EDGE_CURVE('',#2237,#2239,#2241,.T.);
#2237 = VERTEX_POINT('',#2238);
#2238 = CARTESIAN_POINT('',(41.964461938905,26.989964263469,
    -49.59346992479));
#2239 = VERTEX_POINT('',#2240);
#2240 = CARTESIAN_POINT('',(43.442981123923,19.74714192303,
    -49.88592793177));
#2241 = SURFACE_CURVE('',#2242,(#2247,#2258),.PCURVE_S1.);
#2242 = CIRCLE('',#2243,5.);
#2243 = AXIS2_PLACEMENT_3D('',#2244,#2245,#2246);
#2244 = CARTESIAN_POINT('',(46.,24.040346133482,-49.71257258935));
#2245 = DIRECTION('',(3.469446951954E-18,4.034613348181E-02,
    -0.999185763266));
#2246 = DIRECTION('',(-0.807107612219,0.589923625997,2.382053291149E-02)
  );
#2247 = PCURVE('',#1821,#2248);
#2248 = DEFINITIONAL_REPRESENTATION('',(#2249),#2257);
#2249 = ( BOUNDED_CURVE() B_SPLINE_CURVE(2,(#2250,#2251,#2252,#2253,
#2254,#2255,#2256),.UNSPECIFIED.,.T.,.F.) B_SPLINE_CURVE_WITH_KNOTS((1,2
    ,2,2,2,1),(-2.094395102393,0.,2.094395102393,4.188790204786,
6.28318530718,8.377580409573),.UNSPECIFIED.) CURVE()
GEOMETRIC_REPRESENTATION_ITEM() RATIONAL_B_SPLINE_CURVE((1.,0.5,1.,0.5,
1.,0.5,1.)) REPRESENTATION_ITEM('') );
#2250 = CARTESIAN_POINT('',(61.464461938905,9.952021774556));
#2251 = CARTESIAN_POINT('',(66.577513637485,16.941778732251));
#2252 = CARTESIAN_POINT('',(70.074294879838,9.01886759157));
#2253 = CARTESIAN_POINT('',(73.57107612219,1.095956450888));
#2254 = CARTESIAN_POINT('',(64.961243181257,2.029110633875));
#2255 = CARTESIAN_POINT('',(56.351410240324,2.962264816861));
#2256 = CARTESIAN_POINT('',(61.464461938905,9.952021774556));
#2257 = ( GEOMETRIC_REPRESENTATION_CONTEXT(2)
PARAMETRIC_REPRESENTATION_CONTEXT() REPRESENTATION_CONTEXT('2D SPACE',''
  ) );
#2258 = PCURVE('',#2259,#2264);
#2259 = CYLINDRICAL_SURFACE('',#2260,5.);
#2260 = AXIS2_PLACEMENT_3D('',#2261,#2262,#2263);
#2261 = CARTESIAN_POINT('',(46.,24.040346133482,-49.71257258935));
#2262 = DIRECTION('',(-0.,4.034613348181E-02,-0.999185763266));
#2263 = DIRECTION('',(1.,0.,0.));
#2264 = DEFINITIONAL_REPRESENTATION('',(#2265),#2269);
#2265 = LINE('',#2266,#2267);
#2266 = CARTESIAN_POINT('',(-8.793218219176,0.));
#2267 = VECTOR('',#2268,1.);
#2268 = DIRECTION('',(1.,-0.));
#2269 = ( GEOMETRIC_REPRESENTATION_CONTEXT(2)
PARAMETRIC_REPRESENTATION_CONTEXT() REPRESENTATION_CONTEXT('2D SPACE',''
  ) );
#2270 = ORIENTED_EDGE('',*,*,#2271,.T.);
#2271 = EDGE_CURVE('',#2239,#2272,#2274,.T.);
#2272 = VERTEX_POINT('',#2273);
#2273 = CARTESIAN_POINT('',(37.5,19.74714192303,-49.88592793177));
#2274 = SURFACE_CURVE('',#2275,(#2279,#2285),.PCURVE_S1.);
#2275 = LINE('',#2276,#2277);
#2276 = CARTESIAN_POINT('',(9.,19.74714192303,-49.88592793177));
#2277 = VECTOR('',#2278,1.);
#2278 = DIRECTION('',(-1.,0.,0.));
#2279 = PCURVE('',#1821,#2280);
#2280 = DEFINITIONAL_REPRESENTATION('',(#2281),#2284);
#2281 = B_SPLINE_CURVE_WITH_KNOTS('',1,(#2282,#2283),.UNSPECIFIED.,.F.,
  .F.,(2,2),(-35.5,-28.5),.PIECEWISE_BEZIER_KNOTS.);
#2282 = CARTESIAN_POINT('',(64.,2.703297256339));
#2283 = CARTESIAN_POINT('',(57.,2.703297256339));
#2284 = ( GEOMETRIC_REPRESENTATION_CONTEXT(2)
PARAMETRIC_REPRESENTATION_CONTEXT() REPRESENTATION_CONTEXT('2D SPACE',''
  ) );
#2285 = PCURVE('',#816,#2286);
#2286 = DEFINITIONAL_REPRESENTATION('',(#2287),#2290);
#2287 = B_SPLINE_CURVE_WITH_KNOTS('',1,(#2288,#2289),.UNSPECIFIED.,.F.,
  .F.,(2,2),(-35.5,-28.5),.PIECEWISE_BEZIER_KNOTS.);
#2288 = CARTESIAN_POINT('',(7.,62.103471049805));
#2289 = CARTESIAN_POINT('',(0.,62.103471049805));
#2290 = ( GEOMETRIC_REPRESENTATION_CONTEXT(2)
PARAMETRIC_REPRESENTATION_CONTEXT() REPRESENTATION_CONTEXT('2D SPACE',''
  ) );
#2291 = ORIENTED_EDGE('',*,*,#2292,.T.);
#2292 = EDGE_CURVE('',#2272,#2293,#2295,.T.);
#2293 = VERTEX_POINT('',#2294);
#2294 = CARTESIAN_POINT('',(37.5,26.989964263469,-49.59346992479));
#2295 = SURFACE_CURVE('',#2296,(#2300,#2306),.PCURVE_S1.);
#2296 = LINE('',#2297,#2298);
#2297 = CARTESIAN_POINT('',(37.5,10.338769155536,-50.26582872448));
#2298 = VECTOR('',#2299,1.);
#2299 = DIRECTION('',(-0.,0.999185763266,4.034613348181E-02));
#2300 = PCURVE('',#1821,#2301);
#2301 = DEFINITIONAL_REPRESENTATION('',(#2302),#2305);
#2302 = B_SPLINE_CURVE_WITH_KNOTS('',1,(#2303,#2304),.UNSPECIFIED.,.F.,
  .F.,(2,2),(9.41603965287,16.664764171087),.PIECEWISE_BEZIER_KNOTS.);
#2303 = CARTESIAN_POINT('',(57.,2.703297256339));
#2304 = CARTESIAN_POINT('',(57.,9.952021774556));
#2305 = ( GEOMETRIC_REPRESENTATION_CONTEXT(2)
PARAMETRIC_REPRESENTATION_CONTEXT() REPRESENTATION_CONTEXT('2D SPACE',''
  ) );
#2306 = PCURVE('',#842,#2307);
#2307 = DEFINITIONAL_REPRESENTATION('',(#2308),#2311);
#2308 = B_SPLINE_CURVE_WITH_KNOTS('',1,(#2309,#2310),.UNSPECIFIED.,.F.,
  .F.,(2,2),(9.41603965287,16.664764171087),.PIECEWISE_BEZIER_KNOTS.);
#2309 = CARTESIAN_POINT('',(-3.552713678801E-15,-62.1034710498));
#2310 = CARTESIAN_POINT('',(7.,-63.98602440655));
#2311 = ( GEOMETRIC_REPRESENTATION_CONTEXT(2)
PARAMETRIC_REPRESENTATION_CONTEXT() REPRESENTATION_CONTEXT('2D SPACE',''
  ) );
#2312 = ORIENTED_EDGE('',*,*,#2313,.F.);
#2313 = EDGE_CURVE('',#2237,#2293,#2314,.T.);
#2314 = SURFACE_CURVE('',#2315,(#2319,#2325),.PCURVE_S1.);
#2315 = LINE('',#2316,#2317);
#2316 = CARTESIAN_POINT('',(9.,26.989964263469,-49.59346992479));
#2317 = VECTOR('',#2318,1.);
#2318 = DIRECTION('',(-1.,0.,0.));
#2319 = PCURVE('',#1821,#2320);
#2320 = DEFINITIONAL_REPRESENTATION('',(#2321),#2324);
#2321 = B_SPLINE_CURVE_WITH_KNOTS('',1,(#2322,#2323),.UNSPECIFIED.,.F.,
  .F.,(2,2),(-35.5,-28.5),.PIECEWISE_BEZIER_KNOTS.);
#2322 = CARTESIAN_POINT('',(64.,9.952021774556));
#2323 = CARTESIAN_POINT('',(57.,9.952021774556));
#2324 = ( GEOMETRIC_REPRESENTATION_CONTEXT(2)
PARAMETRIC_REPRESENTATION_CONTEXT() REPRESENTATION_CONTEXT('2D SPACE',''
  ) );
#2325 = PCURVE('',#868,#2326);
#2326 = DEFINITIONAL_REPRESENTATION('',(#2327),#2330);
#2327 = B_SPLINE_CURVE_WITH_KNOTS('',1,(#2328,#2329),.UNSPECIFIED.,.F.,
  .F.,(2,2),(-35.5,-28.5),.PIECEWISE_BEZIER_KNOTS.);
#2328 = CARTESIAN_POINT('',(7.,63.986024406552));
#2329 = CARTESIAN_POINT('',(0.,63.986024406552));
#2330 = ( GEOMETRIC_REPRESENTATION_CONTEXT(2)
PARAMETRIC_REPRESENTATION_CONTEXT() REPRESENTATION_CONTEXT('2D SPACE',''
  ) );
#2331 = ADVANCED_FACE('',(#2332),#2259,.T.);
#2332 = FACE_BOUND('',#2333,.F.);
#2333 = EDGE_LOOP('',(#2334,#2335,#2362,#2395));
#2334 = ORIENTED_EDGE('',*,*,#2236,.T.);
#2335 = ORIENTED_EDGE('',*,*,#2336,.T.);
#2336 = EDGE_CURVE('',#2239,#2337,#2339,.T.);
#2337 = VERTEX_POINT('',#2338);
#2338 = CARTESIAN_POINT('',(43.961632738551,19.438078573456,
    -48.89759270408));
#2339 = SURFACE_CURVE('',#2340,(#2345,#2355),.PCURVE_S1.);
#2340 = ELLIPSE('',#2341,19.252374686317,5.);
#2341 = AXIS2_PLACEMENT_3D('',#2342,#2343,#2344);
#2342 = CARTESIAN_POINT('',(46.,24.684942682442,-65.67622608445));
#2343 = DIRECTION('',(0.,0.954422612758,0.298458500056));
#2344 = DIRECTION('',(0.,0.298458500056,-0.954422612758));
#2345 = PCURVE('',#2259,#2346);
#2346 = DEFINITIONAL_REPRESENTATION('',(#2347),#2354);
#2347 = B_SPLINE_CURVE_WITH_KNOTS('',5,(#2348,#2349,#2350,#2351,#2352,
    #2353),.UNSPECIFIED.,.F.,.F.,(6,6),(2.604775106467,2.721687933376),
  .PIECEWISE_BEZIER_KNOTS.);
#2348 = CARTESIAN_POINT('',(-4.175571433262,4.135283669922E-17));
#2349 = CARTESIAN_POINT('',(-4.198953998644,-0.222319131548));
#2350 = CARTESIAN_POINT('',(-4.222336564026,-0.433719326805));
#2351 = CARTESIAN_POINT('',(-4.245719129408,-0.633947344623));
#2352 = CARTESIAN_POINT('',(-4.269101694789,-0.82277485568));
#2353 = CARTESIAN_POINT('',(-4.292484260171,-1.));
#2354 = ( GEOMETRIC_REPRESENTATION_CONTEXT(2)
PARAMETRIC_REPRESENTATION_CONTEXT() REPRESENTATION_CONTEXT('2D SPACE',''
  ) );
#2355 = PCURVE('',#816,#2356);
#2356 = DEFINITIONAL_REPRESENTATION('',(#2357),#2361);
#2357 = ELLIPSE('',#2358,19.252374686317,5.);
#2358 = AXIS2_PLACEMENT_2D('',#2359,#2360);
#2359 = CARTESIAN_POINT('',(8.5,78.647817277143));
#2360 = DIRECTION('',(0.,1.));
#2361 = ( GEOMETRIC_REPRESENTATION_CONTEXT(2)
PARAMETRIC_REPRESENTATION_CONTEXT() REPRESENTATION_CONTEXT('2D SPACE',''
  ) );
#2362 = ORIENTED_EDGE('',*,*,#2363,.F.);
#2363 = EDGE_CURVE('',#2364,#2337,#2366,.T.);
#2364 = VERTEX_POINT('',#2365);
#2365 = CARTESIAN_POINT('',(41.780870733617,26.680900913894,
    -48.6051346971));
#2366 = SURFACE_CURVE('',#2367,(#2372,#2379),.PCURVE_S1.);
#2367 = CIRCLE('',#2368,5.);
#2368 = AXIS2_PLACEMENT_3D('',#2369,#2370,#2371);
#2369 = CARTESIAN_POINT('',(46.,24.,-48.71338682608));
#2370 = DIRECTION('',(0.,4.034613348181E-02,-0.999185763266));
#2371 = DIRECTION('',(-0.843825853277,0.536180182779,2.165042579669E-02)
  );
#2372 = PCURVE('',#2259,#2373);
#2373 = DEFINITIONAL_REPRESENTATION('',(#2374),#2378);
#2374 = LINE('',#2375,#2376);
#2375 = CARTESIAN_POINT('',(-8.858354969003,-1.));
#2376 = VECTOR('',#2377,1.);
#2377 = DIRECTION('',(1.,-0.));
#2378 = ( GEOMETRIC_REPRESENTATION_CONTEXT(2)
PARAMETRIC_REPRESENTATION_CONTEXT() REPRESENTATION_CONTEXT('2D SPACE',''
  ) );
#2379 = PCURVE('',#2380,#2385);
#2380 = PLANE('',#2381);
#2381 = AXIS2_PLACEMENT_3D('',#2382,#2383,#2384);
#2382 = CARTESIAN_POINT('',(46.,24.,-48.71338682608));
#2383 = DIRECTION('',(0.,-4.034613348181E-02,0.999185763266));
#2384 = DIRECTION('',(1.,0.,0.));
#2385 = DEFINITIONAL_REPRESENTATION('',(#2386),#2394);
#2386 = ( BOUNDED_CURVE() B_SPLINE_CURVE(2,(#2387,#2388,#2389,#2390,
#2391,#2392,#2393),.UNSPECIFIED.,.T.,.F.) B_SPLINE_CURVE_WITH_KNOTS((1,2
    ,2,2,2,1),(-2.094395102393,0.,2.094395102393,4.188790204786,
6.28318530718,8.377580409573),.UNSPECIFIED.) CURVE()
GEOMETRIC_REPRESENTATION_ITEM() RATIONAL_B_SPLINE_CURVE((1.,0.5,1.,0.5,
1.,0.5,1.)) REPRESENTATION_ITEM('') );
#2387 = CARTESIAN_POINT('',(-4.219129266383,2.683085580735));
#2388 = CARTESIAN_POINT('',(0.428111280505,9.990831833812));
#2389 = CARTESIAN_POINT('',(4.433184906636,2.312330336171));
#2390 = CARTESIAN_POINT('',(8.438258532767,-5.36617116147));
#2391 = CARTESIAN_POINT('',(-0.214055640252,-4.995415916906));
#2392 = CARTESIAN_POINT('',(-8.866369813272,-4.624660672342));
#2393 = CARTESIAN_POINT('',(-4.219129266383,2.683085580735));
#2394 = ( GEOMETRIC_REPRESENTATION_CONTEXT(2)
PARAMETRIC_REPRESENTATION_CONTEXT() REPRESENTATION_CONTEXT('2D SPACE',''
  ) );
#2395 = ORIENTED_EDGE('',*,*,#2396,.F.);
#2396 = EDGE_CURVE('',#2237,#2364,#2397,.T.);
#2397 = SURFACE_CURVE('',#2398,(#2403,#2413),.PCURVE_S1.);
#2398 = ELLIPSE('',#2399,19.252374686317,5.);
#2399 = AXIS2_PLACEMENT_3D('',#2400,#2401,#2402);
#2400 = CARTESIAN_POINT('',(46.,23.597480251931,-38.74484791057));
#2401 = DIRECTION('',(0.,0.954422612758,0.298458500056));
#2402 = DIRECTION('',(0.,0.298458500056,-0.954422612758));
#2403 = PCURVE('',#2259,#2404);
#2404 = DEFINITIONAL_REPRESENTATION('',(#2405),#2412);
#2405 = B_SPLINE_CURVE_WITH_KNOTS('',5,(#2406,#2407,#2408,#2409,#2410,
    #2411),.UNSPECIFIED.,.F.,.F.,(6,6),(0.939236585201,1.004373335028),
  .PIECEWISE_BEZIER_KNOTS.);
#2406 = CARTESIAN_POINT('',(-8.793218219176,4.839323956093E-15));
#2407 = CARTESIAN_POINT('',(-8.806245569141,-0.19548267518));
#2408 = CARTESIAN_POINT('',(-8.819272919106,-0.393293937373));
#2409 = CARTESIAN_POINT('',(-8.832300269072,-0.593364670647));
#2410 = CARTESIAN_POINT('',(-8.845327619037,-0.795624111721));
#2411 = CARTESIAN_POINT('',(-8.858354969003,-1.));
#2412 = ( GEOMETRIC_REPRESENTATION_CONTEXT(2)
PARAMETRIC_REPRESENTATION_CONTEXT() REPRESENTATION_CONTEXT('2D SPACE',''
  ) );
#2413 = PCURVE('',#868,#2414);
#2414 = DEFINITIONAL_REPRESENTATION('',(#2415),#2419);
#2415 = ELLIPSE('',#2416,19.252374686317,5.);
#2416 = AXIS2_PLACEMENT_2D('',#2417,#2418);
#2417 = CARTESIAN_POINT('',(8.5,52.619338549369));
#2418 = DIRECTION('',(0.,1.));
#2419 = ( GEOMETRIC_REPRESENTATION_CONTEXT(2)
PARAMETRIC_REPRESENTATION_CONTEXT() REPRESENTATION_CONTEXT('2D SPACE',''
  ) );
#2420 = ADVANCED_FACE('',(#2421),#2380,.T.);
#2421 = FACE_BOUND('',#2422,.T.);
#2422 = EDGE_LOOP('',(#2423,#2444,#2445,#2466,#2487,#2520,#2548));
#2423 = ORIENTED_EDGE('',*,*,#2424,.T.);
#2424 = EDGE_CURVE('',#2425,#2337,#2427,.T.);
#2425 = VERTEX_POINT('',#2426);
#2426 = CARTESIAN_POINT('',(44.5,19.438078573456,-48.89759270408));
#2427 = SURFACE_CURVE('',#2428,(#2432,#2438),.PCURVE_S1.);
#2428 = LINE('',#2429,#2430);
#2429 = CARTESIAN_POINT('',(41.75,19.438078573456,-48.89759270408));
#2430 = VECTOR('',#2431,1.);
#2431 = DIRECTION('',(-1.,0.,0.));
#2432 = PCURVE('',#2380,#2433);
#2433 = DEFINITIONAL_REPRESENTATION('',(#2434),#2437);
#2434 = B_SPLINE_CURVE_WITH_KNOTS('',1,(#2435,#2436),.UNSPECIFIED.,.F.,
  .F.,(2,2),(-2.75,0.75),.PIECEWISE_BEZIER_KNOTS.);
#2435 = CARTESIAN_POINT('',(-1.5,-4.565638937482));
#2436 = CARTESIAN_POINT('',(-5.,-4.565638937482));
#2437 = ( GEOMETRIC_REPRESENTATION_CONTEXT(2)
PARAMETRIC_REPRESENTATION_CONTEXT() REPRESENTATION_CONTEXT('2D SPACE',''
  ) );
#2438 = PCURVE('',#816,#2439);
#2439 = DEFINITIONAL_REPRESENTATION('',(#2440),#2443);
#2440 = B_SPLINE_CURVE_WITH_KNOTS('',1,(#2441,#2442),.UNSPECIFIED.,.F.,
  .F.,(2,2),(-2.75,0.75),.PIECEWISE_BEZIER_KNOTS.);
#2441 = CARTESIAN_POINT('',(7.,61.067938975774));
#2442 = CARTESIAN_POINT('',(3.5,61.067938975774));
#2443 = ( GEOMETRIC_REPRESENTATION_CONTEXT(2)
PARAMETRIC_REPRESENTATION_CONTEXT() REPRESENTATION_CONTEXT('2D SPACE',''
  ) );
#2444 = ORIENTED_EDGE('',*,*,#2363,.F.);
#2445 = ORIENTED_EDGE('',*,*,#2446,.F.);
#2446 = EDGE_CURVE('',#2447,#2364,#2449,.T.);
#2447 = VERTEX_POINT('',#2448);
#2448 = CARTESIAN_POINT('',(44.5,26.680900913894,-48.6051346971));
#2449 = SURFACE_CURVE('',#2450,(#2454,#2460),.PCURVE_S1.);
#2450 = LINE('',#2451,#2452);
#2451 = CARTESIAN_POINT('',(41.75,26.680900913894,-48.6051346971));
#2452 = VECTOR('',#2453,1.);
#2453 = DIRECTION('',(-1.,0.,0.));
#2454 = PCURVE('',#2380,#2455);
#2455 = DEFINITIONAL_REPRESENTATION('',(#2456),#2459);
#2456 = B_SPLINE_CURVE_WITH_KNOTS('',1,(#2457,#2458),.UNSPECIFIED.,.F.,
  .F.,(2,2),(-2.75,0.75),.PIECEWISE_BEZIER_KNOTS.);
#2457 = CARTESIAN_POINT('',(-1.5,2.683085580735));
#2458 = CARTESIAN_POINT('',(-5.,2.683085580735));
#2459 = ( GEOMETRIC_REPRESENTATION_CONTEXT(2)
PARAMETRIC_REPRESENTATION_CONTEXT() REPRESENTATION_CONTEXT('2D SPACE',''
  ) );
#2460 = PCURVE('',#868,#2461);
#2461 = DEFINITIONAL_REPRESENTATION('',(#2462),#2465);
#2462 = B_SPLINE_CURVE_WITH_KNOTS('',1,(#2463,#2464),.UNSPECIFIED.,.F.,
  .F.,(2,2),(-2.75,0.75),.PIECEWISE_BEZIER_KNOTS.);
#2463 = CARTESIAN_POINT('',(7.,62.950492332521));
#2464 = CARTESIAN_POINT('',(3.5,62.950492332521));
#2465 = ( GEOMETRIC_REPRESENTATION_CONTEXT(2)
PARAMETRIC_REPRESENTATION_CONTEXT() REPRESENTATION_CONTEXT('2D SPACE',''
  ) );
#2466 = ORIENTED_EDGE('',*,*,#2467,.F.);
#2467 = EDGE_CURVE('',#2468,#2447,#2470,.T.);
#2468 = VERTEX_POINT('',#2469);
#2469 = CARTESIAN_POINT('',(44.5,24.799348610613,-48.68110991929));
#2470 = SURFACE_CURVE('',#2471,(#2475,#2481),.PCURVE_S1.);
#2471 = LINE('',#2472,#2473);
#2472 = CARTESIAN_POINT('',(44.5,13.795573193485,-49.12543149403));
#2473 = VECTOR('',#2474,1.);
#2474 = DIRECTION('',(-0.,0.999185763266,4.034613348181E-02));
#2475 = PCURVE('',#2380,#2476);
#2476 = DEFINITIONAL_REPRESENTATION('',(#2477),#2480);
#2477 = B_SPLINE_CURVE_WITH_KNOTS('',1,(#2478,#2479),.UNSPECIFIED.,.F.,
  .F.,(2,2),(5.647103459049,12.895827977266),.PIECEWISE_BEZIER_KNOTS.);
#2478 = CARTESIAN_POINT('',(-1.5,-4.565638937482));
#2479 = CARTESIAN_POINT('',(-1.5,2.683085580735));
#2480 = ( GEOMETRIC_REPRESENTATION_CONTEXT(2)
PARAMETRIC_REPRESENTATION_CONTEXT() REPRESENTATION_CONTEXT('2D SPACE',''
  ) );
#2481 = PCURVE('',#790,#2482);
#2482 = DEFINITIONAL_REPRESENTATION('',(#2483),#2486);
#2483 = B_SPLINE_CURVE_WITH_KNOTS('',1,(#2484,#2485),.UNSPECIFIED.,.F.,
  .F.,(2,2),(5.647103459049,12.895827977266),.PIECEWISE_BEZIER_KNOTS.);
#2484 = CARTESIAN_POINT('',(-6.217248937901E-15,-61.06793897577));
#2485 = CARTESIAN_POINT('',(7.,-62.95049233252));
#2486 = ( GEOMETRIC_REPRESENTATION_CONTEXT(2)
PARAMETRIC_REPRESENTATION_CONTEXT() REPRESENTATION_CONTEXT('2D SPACE',''
  ) );
#2487 = ORIENTED_EDGE('',*,*,#2488,.T.);
#2488 = EDGE_CURVE('',#2468,#2489,#2491,.T.);
#2489 = VERTEX_POINT('',#2490);
#2490 = CARTESIAN_POINT('',(47.7,24.,-48.71338682608));
#2491 = SURFACE_CURVE('',#2492,(#2497,#2508),.PCURVE_S1.);
#2492 = CIRCLE('',#2493,1.7);
#2493 = AXIS2_PLACEMENT_3D('',#2494,#2495,#2496);
#2494 = CARTESIAN_POINT('',(46.,24.,-48.71338682608));
#2495 = DIRECTION('',(0.,4.034613348181E-02,-0.999185763266));
#2496 = DIRECTION('',(1.,0.,0.));
#2497 = PCURVE('',#2380,#2498);
#2498 = DEFINITIONAL_REPRESENTATION('',(#2499),#2507);
#2499 = ( BOUNDED_CURVE() B_SPLINE_CURVE(2,(#2500,#2501,#2502,#2503,
#2504,#2505,#2506),.UNSPECIFIED.,.T.,.F.) B_SPLINE_CURVE_WITH_KNOTS((1,2
    ,2,2,2,1),(-2.094395102393,0.,2.094395102393,4.188790204786,
6.28318530718,8.377580409573),.UNSPECIFIED.) CURVE()
GEOMETRIC_REPRESENTATION_ITEM() RATIONAL_B_SPLINE_CURVE((1.,0.5,1.,0.5,
1.,0.5,1.)) REPRESENTATION_ITEM('') );
#2500 = CARTESIAN_POINT('',(1.7,0.));
#2501 = CARTESIAN_POINT('',(1.7,-2.944486372867));
#2502 = CARTESIAN_POINT('',(-0.85,-1.472243186434));
#2503 = CARTESIAN_POINT('',(-3.4,-4.163799117101E-16));
#2504 = CARTESIAN_POINT('',(-0.85,1.472243186434));
#2505 = CARTESIAN_POINT('',(1.7,2.944486372867));
#2506 = CARTESIAN_POINT('',(1.7,0.));
#2507 = ( GEOMETRIC_REPRESENTATION_CONTEXT(2)
PARAMETRIC_REPRESENTATION_CONTEXT() REPRESENTATION_CONTEXT('2D SPACE',''
  ) );
#2508 = PCURVE('',#2509,#2514);
#2509 = CYLINDRICAL_SURFACE('',#2510,1.7);
#2510 = AXIS2_PLACEMENT_3D('',#2511,#2512,#2513);
#2511 = CARTESIAN_POINT('',(46.,24.262249867632,-55.20809428731));
#2512 = DIRECTION('',(-0.,4.034613348181E-02,-0.999185763266));
#2513 = DIRECTION('',(1.,0.,0.));
#2514 = DEFINITIONAL_REPRESENTATION('',(#2515),#2519);
#2515 = LINE('',#2516,#2517);
#2516 = CARTESIAN_POINT('',(-6.28318530718,-6.5));
#2517 = VECTOR('',#2518,1.);
#2518 = DIRECTION('',(1.,-0.));
#2519 = ( GEOMETRIC_REPRESENTATION_CONTEXT(2)
PARAMETRIC_REPRESENTATION_CONTEXT() REPRESENTATION_CONTEXT('2D SPACE',''
  ) );
#2520 = ORIENTED_EDGE('',*,*,#2521,.T.);
#2521 = EDGE_CURVE('',#2489,#2522,#2524,.T.);
#2522 = VERTEX_POINT('',#2523);
#2523 = CARTESIAN_POINT('',(44.5,23.200651389387,-48.74566373287));
#2524 = SURFACE_CURVE('',#2525,(#2530,#2541),.PCURVE_S1.);
#2525 = CIRCLE('',#2526,1.7);
#2526 = AXIS2_PLACEMENT_3D('',#2527,#2528,#2529);
#2527 = CARTESIAN_POINT('',(46.,24.,-48.71338682608));
#2528 = DIRECTION('',(0.,4.034613348181E-02,-0.999185763266));
#2529 = DIRECTION('',(1.,0.,0.));
#2530 = PCURVE('',#2380,#2531);
#2531 = DEFINITIONAL_REPRESENTATION('',(#2532),#2540);
#2532 = ( BOUNDED_CURVE() B_SPLINE_CURVE(2,(#2533,#2534,#2535,#2536,
#2537,#2538,#2539),.UNSPECIFIED.,.T.,.F.) B_SPLINE_CURVE_WITH_KNOTS((1,2
    ,2,2,2,1),(-2.094395102393,0.,2.094395102393,4.188790204786,
6.28318530718,8.377580409573),.UNSPECIFIED.) CURVE()
GEOMETRIC_REPRESENTATION_ITEM() RATIONAL_B_SPLINE_CURVE((1.,0.5,1.,0.5,
1.,0.5,1.)) REPRESENTATION_ITEM('') );
#2533 = CARTESIAN_POINT('',(1.7,0.));
#2534 = CARTESIAN_POINT('',(1.7,-2.944486372867));
#2535 = CARTESIAN_POINT('',(-0.85,-1.472243186434));
#2536 = CARTESIAN_POINT('',(-3.4,-4.163799117101E-16));
#2537 = CARTESIAN_POINT('',(-0.85,1.472243186434));
#2538 = CARTESIAN_POINT('',(1.7,2.944486372867));
#2539 = CARTESIAN_POINT('',(1.7,0.));
#2540 = ( GEOMETRIC_REPRESENTATION_CONTEXT(2)
PARAMETRIC_REPRESENTATION_CONTEXT() REPRESENTATION_CONTEXT('2D SPACE',''
  ) );
#2541 = PCURVE('',#2509,#2542);
#2542 = DEFINITIONAL_REPRESENTATION('',(#2543),#2547);
#2543 = LINE('',#2544,#2545);
#2544 = CARTESIAN_POINT('',(-6.28318530718,-6.5));
#2545 = VECTOR('',#2546,1.);
#2546 = DIRECTION('',(1.,-0.));
#2547 = ( GEOMETRIC_REPRESENTATION_CONTEXT(2)
PARAMETRIC_REPRESENTATION_CONTEXT() REPRESENTATION_CONTEXT('2D SPACE',''
  ) );
#2548 = ORIENTED_EDGE('',*,*,#2549,.F.);
#2549 = EDGE_CURVE('',#2425,#2522,#2550,.T.);
#2550 = SURFACE_CURVE('',#2551,(#2555,#2561),.PCURVE_S1.);
#2551 = LINE('',#2552,#2553);
#2552 = CARTESIAN_POINT('',(44.5,13.795573193485,-49.12543149403));
#2553 = VECTOR('',#2554,1.);
#2554 = DIRECTION('',(-0.,0.999185763266,4.034613348181E-02));
#2555 = PCURVE('',#2380,#2556);
#2556 = DEFINITIONAL_REPRESENTATION('',(#2557),#2560);
#2557 = B_SPLINE_CURVE_WITH_KNOTS('',1,(#2558,#2559),.UNSPECIFIED.,.F.,
  .F.,(2,2),(5.647103459049,12.895827977266),.PIECEWISE_BEZIER_KNOTS.);
#2558 = CARTESIAN_POINT('',(-1.5,-4.565638937482));
#2559 = CARTESIAN_POINT('',(-1.5,2.683085580735));
#2560 = ( GEOMETRIC_REPRESENTATION_CONTEXT(2)
PARAMETRIC_REPRESENTATION_CONTEXT() REPRESENTATION_CONTEXT('2D SPACE',''
  ) );
#2561 = PCURVE('',#790,#2562);
#2562 = DEFINITIONAL_REPRESENTATION('',(#2563),#2566);
#2563 = B_SPLINE_CURVE_WITH_KNOTS('',1,(#2564,#2565),.UNSPECIFIED.,.F.,
  .F.,(2,2),(5.647103459049,12.895827977266),.PIECEWISE_BEZIER_KNOTS.);
#2564 = CARTESIAN_POINT('',(-6.217248937901E-15,-61.06793897577));
#2565 = CARTESIAN_POINT('',(7.,-62.95049233252));
#2566 = ( GEOMETRIC_REPRESENTATION_CONTEXT(2)
PARAMETRIC_REPRESENTATION_CONTEXT() REPRESENTATION_CONTEXT('2D SPACE',''
  ) );
#2567 = ADVANCED_FACE('',(#2568),#2509,.F.);
#2568 = FACE_BOUND('',#2569,.T.);
#2569 = EDGE_LOOP('',(#2570,#2593,#2624,#2625,#2626,#2647,#2681,#2700));
#2570 = ORIENTED_EDGE('',*,*,#2571,.F.);
#2571 = EDGE_CURVE('',#2572,#2489,#2574,.T.);
#2572 = VERTEX_POINT('',#2573);
#2573 = CARTESIAN_POINT('',(47.7,24.242076800891,-54.70850140567));
#2574 = SEAM_CURVE('',#2575,(#2579,#2586),.PCURVE_S1.);
#2575 = LINE('',#2576,#2577);
#2576 = CARTESIAN_POINT('',(47.7,24.262249867632,-55.20809428731));
#2577 = VECTOR('',#2578,1.);
#2578 = DIRECTION('',(0.,-4.034613348181E-02,0.999185763266));
#2579 = PCURVE('',#2509,#2580);
#2580 = DEFINITIONAL_REPRESENTATION('',(#2581),#2585);
#2581 = LINE('',#2582,#2583);
#2582 = CARTESIAN_POINT('',(-6.28318530718,0.));
#2583 = VECTOR('',#2584,1.);
#2584 = DIRECTION('',(-0.,-1.));
#2585 = ( GEOMETRIC_REPRESENTATION_CONTEXT(2)
PARAMETRIC_REPRESENTATION_CONTEXT() REPRESENTATION_CONTEXT('2D SPACE',''
  ) );
#2586 = PCURVE('',#2509,#2587);
#2587 = DEFINITIONAL_REPRESENTATION('',(#2588),#2592);
#2588 = LINE('',#2589,#2590);
#2589 = CARTESIAN_POINT('',(-0.,0.));
#2590 = VECTOR('',#2591,1.);
#2591 = DIRECTION('',(-0.,-1.));
#2592 = ( GEOMETRIC_REPRESENTATION_CONTEXT(2)
PARAMETRIC_REPRESENTATION_CONTEXT() REPRESENTATION_CONTEXT('2D SPACE',''
  ) );
#2593 = ORIENTED_EDGE('',*,*,#2594,.T.);
#2594 = EDGE_CURVE('',#2572,#2572,#2595,.T.);
#2595 = SURFACE_CURVE('',#2596,(#2601,#2608),.PCURVE_S1.);
#2596 = CIRCLE('',#2597,1.7);
#2597 = AXIS2_PLACEMENT_3D('',#2598,#2599,#2600);
#2598 = CARTESIAN_POINT('',(46.,24.242076800891,-54.70850140567));
#2599 = DIRECTION('',(0.,4.034613348181E-02,-0.999185763266));
#2600 = DIRECTION('',(1.,0.,0.));
#2601 = PCURVE('',#2509,#2602);
#2602 = DEFINITIONAL_REPRESENTATION('',(#2603),#2607);
#2603 = LINE('',#2604,#2605);
#2604 = CARTESIAN_POINT('',(-6.28318530718,-0.5));
#2605 = VECTOR('',#2606,1.);
#2606 = DIRECTION('',(1.,-0.));
#2607 = ( GEOMETRIC_REPRESENTATION_CONTEXT(2)
PARAMETRIC_REPRESENTATION_CONTEXT() REPRESENTATION_CONTEXT('2D SPACE',''
  ) );
#2608 = PCURVE('',#2609,#2614);
#2609 = PLANE('',#2610);
#2610 = AXIS2_PLACEMENT_3D('',#2611,#2612,#2613);
#2611 = CARTESIAN_POINT('',(-19.5,17.24777645803,-54.99092434005));
#2612 = DIRECTION('',(0.,-4.034613348181E-02,0.999185763266));
#2613 = DIRECTION('',(1.,0.,0.));
#2614 = DEFINITIONAL_REPRESENTATION('',(#2615),#2623);
#2615 = ( BOUNDED_CURVE() B_SPLINE_CURVE(2,(#2616,#2617,#2618,#2619,
#2620,#2621,#2622),.UNSPECIFIED.,.T.,.F.) B_SPLINE_CURVE_WITH_KNOTS((1,2
    ,2,2,2,1),(-2.094395102393,0.,2.094395102393,4.188790204786,
6.28318530718,8.377580409573),.UNSPECIFIED.) CURVE()
GEOMETRIC_REPRESENTATION_ITEM() RATIONAL_B_SPLINE_CURVE((1.,0.5,1.,0.5,
1.,0.5,1.)) REPRESENTATION_ITEM('') );
#2616 = CARTESIAN_POINT('',(67.2,7.));
#2617 = CARTESIAN_POINT('',(67.2,4.055513627133));
#2618 = CARTESIAN_POINT('',(64.65,5.527756813566));
#2619 = CARTESIAN_POINT('',(62.1,7.));
#2620 = CARTESIAN_POINT('',(64.65,8.472243186434));
#2621 = CARTESIAN_POINT('',(67.2,9.944486372867));
#2622 = CARTESIAN_POINT('',(67.2,7.));
#2623 = ( GEOMETRIC_REPRESENTATION_CONTEXT(2)
PARAMETRIC_REPRESENTATION_CONTEXT() REPRESENTATION_CONTEXT('2D SPACE',''
  ) );
#2624 = ORIENTED_EDGE('',*,*,#2571,.T.);
#2625 = ORIENTED_EDGE('',*,*,#2488,.F.);
#2626 = ORIENTED_EDGE('',*,*,#2627,.T.);
#2627 = EDGE_CURVE('',#2468,#2628,#2630,.T.);
#2628 = VERTEX_POINT('',#2629);
#2629 = CARTESIAN_POINT('',(44.5,24.994549222265,-53.51531967652));
#2630 = SURFACE_CURVE('',#2631,(#2635,#2641),.PCURVE_S1.);
#2631 = LINE('',#2632,#2633);
#2632 = CARTESIAN_POINT('',(44.5,25.061598478244,-55.17581738052));
#2633 = VECTOR('',#2634,1.);
#2634 = DIRECTION('',(-0.,4.034613348181E-02,-0.999185763266));
#2635 = PCURVE('',#2509,#2636);
#2636 = DEFINITIONAL_REPRESENTATION('',(#2637),#2640);
#2637 = B_SPLINE_CURVE_WITH_KNOTS('',1,(#2638,#2639),.UNSPECIFIED.,.F.,
  .F.,(2,2),(-6.5000006,-0.4999994),.PIECEWISE_BEZIER_KNOTS.);
#2638 = CARTESIAN_POINT('',(-2.651635327336,-6.5000006));
#2639 = CARTESIAN_POINT('',(-2.651635327336,-0.4999994));
#2640 = ( GEOMETRIC_REPRESENTATION_CONTEXT(2)
PARAMETRIC_REPRESENTATION_CONTEXT() REPRESENTATION_CONTEXT('2D SPACE',''
  ) );
#2641 = PCURVE('',#790,#2642);
#2642 = DEFINITIONAL_REPRESENTATION('',(#2643),#2646);
#2643 = B_SPLINE_CURVE_WITH_KNOTS('',1,(#2644,#2645),.UNSPECIFIED.,.F.,
  .F.,(2,2),(-6.5000006,-0.4999994),.PIECEWISE_BEZIER_KNOTS.);
#2644 = CARTESIAN_POINT('',(5.181528639627,-62.46143894497));
#2645 = CARTESIAN_POINT('',(3.623278995685,-68.25556290353));
#2646 = ( GEOMETRIC_REPRESENTATION_CONTEXT(2)
PARAMETRIC_REPRESENTATION_CONTEXT() REPRESENTATION_CONTEXT('2D SPACE',''
  ) );
#2647 = ORIENTED_EDGE('',*,*,#2648,.F.);
#2648 = EDGE_CURVE('',#2649,#2628,#2651,.T.);
#2649 = VERTEX_POINT('',#2650);
#2650 = CARTESIAN_POINT('',(44.5,23.413212857958,-54.00982103584));
#2651 = SURFACE_CURVE('',#2652,(#2657,#2669),.PCURVE_S1.);
#2652 = ELLIPSE('',#2653,1.760404525853,1.7);
#2653 = AXIS2_PLACEMENT_3D('',#2654,#2655,#2656);
#2654 = CARTESIAN_POINT('',(46.,24.203881040112,-53.76257035618));
#2655 = DIRECTION('',(0.,0.298458500056,-0.954422612758));
#2656 = DIRECTION('',(0.,-0.954422612758,-0.298458500056));
#2657 = PCURVE('',#2509,#2658);
#2658 = DEFINITIONAL_REPRESENTATION('',(#2659),#2668);
#2659 = B_SPLINE_CURVE_WITH_KNOTS('',7,(#2660,#2661,#2662,#2663,#2664,
    #2665,#2666,#2667),.UNSPECIFIED.,.F.,.F.,(8,8),(0.489957326254,
    2.651635327336),.PIECEWISE_BEZIER_KNOTS.);
#2660 = CARTESIAN_POINT('',(-4.222431654131,-1.043297598222));
#2661 = CARTESIAN_POINT('',(-3.913620511119,-1.109737992951));
#2662 = CARTESIAN_POINT('',(-3.604809368108,-1.221061146589));
#2663 = CARTESIAN_POINT('',(-3.295998225096,-1.366911051964));
#2664 = CARTESIAN_POINT('',(-2.987187082085,-1.526492725944));
#2665 = CARTESIAN_POINT('',(-2.678375939072,-1.672342631318));
#2666 = CARTESIAN_POINT('',(-2.36956479606,-1.783665784956));
#2667 = CARTESIAN_POINT('',(-2.060753653049,-1.850106179685));
#2668 = ( GEOMETRIC_REPRESENTATION_CONTEXT(2)
PARAMETRIC_REPRESENTATION_CONTEXT() REPRESENTATION_CONTEXT('2D SPACE',''
  ) );
#2669 = PCURVE('',#2670,#2675);
#2670 = PLANE('',#2671);
#2671 = AXIS2_PLACEMENT_3D('',#2672,#2673,#2674);
#2672 = CARTESIAN_POINT('',(37.5,21.248420072615,-54.68677566684));
#2673 = DIRECTION('',(0.,0.298458500056,-0.954422612758));
#2674 = DIRECTION('',(0.,0.954422612758,0.298458500056));
#2675 = DEFINITIONAL_REPRESENTATION('',(#2676),#2680);
#2676 = ELLIPSE('',#2677,1.760404525853,1.7);
#2677 = AXIS2_PLACEMENT_2D('',#2678,#2679);
#2678 = CARTESIAN_POINT('',(3.096595709268,8.5));
#2679 = DIRECTION('',(-1.,0.));
#2680 = ( GEOMETRIC_REPRESENTATION_CONTEXT(2)
PARAMETRIC_REPRESENTATION_CONTEXT() REPRESENTATION_CONTEXT('2D SPACE',''
  ) );
#2681 = ORIENTED_EDGE('',*,*,#2682,.F.);
#2682 = EDGE_CURVE('',#2522,#2649,#2683,.T.);
#2683 = SURFACE_CURVE('',#2684,(#2688,#2694),.PCURVE_S1.);
#2684 = LINE('',#2685,#2686);
#2685 = CARTESIAN_POINT('',(44.5,23.462901257019,-55.24037119409));
#2686 = VECTOR('',#2687,1.);
#2687 = DIRECTION('',(-0.,4.034613348181E-02,-0.999185763266));
#2688 = PCURVE('',#2509,#2689);
#2689 = DEFINITIONAL_REPRESENTATION('',(#2690),#2693);
#2690 = B_SPLINE_CURVE_WITH_KNOTS('',1,(#2691,#2692),.UNSPECIFIED.,.F.,
  .F.,(2,2),(-6.5000006,-0.4999994),.PIECEWISE_BEZIER_KNOTS.);
#2691 = CARTESIAN_POINT('',(-3.631549979844,-6.5000006));
#2692 = CARTESIAN_POINT('',(-3.631549979844,-0.4999994));
#2693 = ( GEOMETRIC_REPRESENTATION_CONTEXT(2)
PARAMETRIC_REPRESENTATION_CONTEXT() REPRESENTATION_CONTEXT('2D SPACE',''
  ) );
#2694 = PCURVE('',#790,#2695);
#2695 = DEFINITIONAL_REPRESENTATION('',(#2696),#2699);
#2696 = B_SPLINE_CURVE_WITH_KNOTS('',1,(#2697,#2698),.UNSPECIFIED.,.F.,
  .F.,(2,2),(-6.5000006,-0.4999994),.PIECEWISE_BEZIER_KNOTS.);
#2697 = CARTESIAN_POINT('',(3.636429226364,-62.04590578969));
#2698 = CARTESIAN_POINT('',(2.078179582422,-67.84002974825));
#2699 = ( GEOMETRIC_REPRESENTATION_CONTEXT(2)
PARAMETRIC_REPRESENTATION_CONTEXT() REPRESENTATION_CONTEXT('2D SPACE',''
  ) );
#2700 = ORIENTED_EDGE('',*,*,#2521,.F.);
#2701 = ADVANCED_FACE('',(#2702,#3049,#3084),#2609,.F.);
#2702 = FACE_BOUND('',#2703,.F.);
#2703 = EDGE_LOOP('',(#2704,#2729,#2753,#2776,#2804,#2827,#2851,#2874,
    #2902,#2925,#2948,#2976,#3004,#3028));
#2704 = ORIENTED_EDGE('',*,*,#2705,.F.);
#2705 = EDGE_CURVE('',#2706,#2708,#2710,.T.);
#2706 = VERTEX_POINT('',#2707);
#2707 = CARTESIAN_POINT('',(-19.5,20.245333747828,-54.8698859396));
#2708 = VERTEX_POINT('',#2709);
#2709 = CARTESIAN_POINT('',(-19.5,20.744926629461,-54.84971287286));
#2710 = SURFACE_CURVE('',#2711,(#2715,#2722),.PCURVE_S1.);
#2711 = LINE('',#2712,#2713);
#2712 = CARTESIAN_POINT('',(-19.5,17.24777645803,-54.99092434005));
#2713 = VECTOR('',#2714,1.);
#2714 = DIRECTION('',(0.,0.999185763266,4.034613348181E-02));
#2715 = PCURVE('',#2609,#2716);
#2716 = DEFINITIONAL_REPRESENTATION('',(#2717),#2721);
#2717 = LINE('',#2718,#2719);
#2718 = CARTESIAN_POINT('',(0.,0.));
#2719 = VECTOR('',#2720,1.);
#2720 = DIRECTION('',(0.,1.));
#2721 = ( GEOMETRIC_REPRESENTATION_CONTEXT(2)
PARAMETRIC_REPRESENTATION_CONTEXT() REPRESENTATION_CONTEXT('2D SPACE',''
  ) );
#2722 = PCURVE('',#1853,#2723);
#2723 = DEFINITIONAL_REPRESENTATION('',(#2724),#2728);
#2724 = LINE('',#2725,#2726);
#2725 = CARTESIAN_POINT('',(0.,0.));
#2726 = VECTOR('',#2727,1.);
#2727 = DIRECTION('',(0.,-1.));
#2728 = ( GEOMETRIC_REPRESENTATION_CONTEXT(2)
PARAMETRIC_REPRESENTATION_CONTEXT() REPRESENTATION_CONTEXT('2D SPACE',''
  ) );
#2729 = ORIENTED_EDGE('',*,*,#2730,.T.);
#2730 = EDGE_CURVE('',#2706,#2731,#2733,.T.);
#2731 = VERTEX_POINT('',#2732);
#2732 = CARTESIAN_POINT('',(-16.5,17.24777645803,-54.99092434005));
#2733 = SURFACE_CURVE('',#2734,(#2739,#2746),.PCURVE_S1.);
#2734 = CIRCLE('',#2735,3.);
#2735 = AXIS2_PLACEMENT_3D('',#2736,#2737,#2738);
#2736 = CARTESIAN_POINT('',(-16.5,20.245333747828,-54.8698859396));
#2737 = DIRECTION('',(0.,-4.034613348181E-02,0.999185763266));
#2738 = DIRECTION('',(0.,-0.999185763266,-4.034613348181E-02));
#2739 = PCURVE('',#2609,#2740);
#2740 = DEFINITIONAL_REPRESENTATION('',(#2741),#2745);
#2741 = CIRCLE('',#2742,3.);
#2742 = AXIS2_PLACEMENT_2D('',#2743,#2744);
#2743 = CARTESIAN_POINT('',(3.,3.));
#2744 = DIRECTION('',(0.,-1.));
#2745 = ( GEOMETRIC_REPRESENTATION_CONTEXT(2)
PARAMETRIC_REPRESENTATION_CONTEXT() REPRESENTATION_CONTEXT('2D SPACE',''
  ) );
#2746 = PCURVE('',#1882,#2747);
#2747 = DEFINITIONAL_REPRESENTATION('',(#2748),#2752);
#2748 = LINE('',#2749,#2750);
#2749 = CARTESIAN_POINT('',(-4.712388980385,0.));
#2750 = VECTOR('',#2751,1.);
#2751 = DIRECTION('',(1.,0.));
#2752 = ( GEOMETRIC_REPRESENTATION_CONTEXT(2)
PARAMETRIC_REPRESENTATION_CONTEXT() REPRESENTATION_CONTEXT('2D SPACE',''
  ) );
#2753 = ORIENTED_EDGE('',*,*,#2754,.T.);
#2754 = EDGE_CURVE('',#2731,#2755,#2757,.T.);
#2755 = VERTEX_POINT('',#2756);
#2756 = CARTESIAN_POINT('',(63.5,17.24777645803,-54.99092434005));
#2757 = SURFACE_CURVE('',#2758,(#2762,#2769),.PCURVE_S1.);
#2758 = LINE('',#2759,#2760);
#2759 = CARTESIAN_POINT('',(-19.5,17.24777645803,-54.99092434005));
#2760 = VECTOR('',#2761,1.);
#2761 = DIRECTION('',(1.,0.,0.));
#2762 = PCURVE('',#2609,#2763);
#2763 = DEFINITIONAL_REPRESENTATION('',(#2764),#2768);
#2764 = LINE('',#2765,#2766);
#2765 = CARTESIAN_POINT('',(0.,0.));
#2766 = VECTOR('',#2767,1.);
#2767 = DIRECTION('',(1.,0.));
#2768 = ( GEOMETRIC_REPRESENTATION_CONTEXT(2)
PARAMETRIC_REPRESENTATION_CONTEXT() REPRESENTATION_CONTEXT('2D SPACE',''
  ) );
#2769 = PCURVE('',#1910,#2770);
#2770 = DEFINITIONAL_REPRESENTATION('',(#2771),#2775);
#2771 = LINE('',#2772,#2773);
#2772 = CARTESIAN_POINT('',(0.,0.));
#2773 = VECTOR('',#2774,1.);
#2774 = DIRECTION('',(0.,1.));
#2775 = ( GEOMETRIC_REPRESENTATION_CONTEXT(2)
PARAMETRIC_REPRESENTATION_CONTEXT() REPRESENTATION_CONTEXT('2D SPACE',''
  ) );
#2776 = ORIENTED_EDGE('',*,*,#2777,.F.);
#2777 = EDGE_CURVE('',#2778,#2755,#2780,.T.);
#2778 = VERTEX_POINT('',#2779);
#2779 = CARTESIAN_POINT('',(66.5,20.245333747828,-54.8698859396));
#2780 = SURFACE_CURVE('',#2781,(#2786,#2797),.PCURVE_S1.);
#2781 = CIRCLE('',#2782,3.);
#2782 = AXIS2_PLACEMENT_3D('',#2783,#2784,#2785);
#2783 = CARTESIAN_POINT('',(63.5,20.245333747828,-54.8698859396));
#2784 = DIRECTION('',(0.,4.034613348181E-02,-0.999185763266));
#2785 = DIRECTION('',(0.,-0.999185763266,-4.034613348181E-02));
#2786 = PCURVE('',#2609,#2787);
#2787 = DEFINITIONAL_REPRESENTATION('',(#2788),#2796);
#2788 = ( BOUNDED_CURVE() B_SPLINE_CURVE(2,(#2789,#2790,#2791,#2792,
#2793,#2794,#2795),.UNSPECIFIED.,.T.,.F.) B_SPLINE_CURVE_WITH_KNOTS((1,2
    ,2,2,2,1),(-2.094395102393,0.,2.094395102393,4.188790204786,
6.28318530718,8.377580409573),.UNSPECIFIED.) CURVE()
GEOMETRIC_REPRESENTATION_ITEM() RATIONAL_B_SPLINE_CURVE((1.,0.5,1.,0.5,
1.,0.5,1.)) REPRESENTATION_ITEM('') );
#2789 = CARTESIAN_POINT('',(83.,0.));
#2790 = CARTESIAN_POINT('',(77.803847577293,0.));
#2791 = CARTESIAN_POINT('',(80.401923788647,4.5));
#2792 = CARTESIAN_POINT('',(83.,9.));
#2793 = CARTESIAN_POINT('',(85.598076211353,4.5));
#2794 = CARTESIAN_POINT('',(88.196152422707,4.884981308351E-15));
#2795 = CARTESIAN_POINT('',(83.,0.));
#2796 = ( GEOMETRIC_REPRESENTATION_CONTEXT(2)
PARAMETRIC_REPRESENTATION_CONTEXT() REPRESENTATION_CONTEXT('2D SPACE',''
  ) );
#2797 = PCURVE('',#1943,#2798);
#2798 = DEFINITIONAL_REPRESENTATION('',(#2799),#2803);
#2799 = LINE('',#2800,#2801);
#2800 = CARTESIAN_POINT('',(4.712388980385,-0.));
#2801 = VECTOR('',#2802,1.);
#2802 = DIRECTION('',(-1.,0.));
#2803 = ( GEOMETRIC_REPRESENTATION_CONTEXT(2)
PARAMETRIC_REPRESENTATION_CONTEXT() REPRESENTATION_CONTEXT('2D SPACE',''
  ) );
#2804 = ORIENTED_EDGE('',*,*,#2805,.T.);
#2805 = EDGE_CURVE('',#2778,#2806,#2808,.T.);
#2806 = VERTEX_POINT('',#2807);
#2807 = CARTESIAN_POINT('',(66.5,28.238819853954,-54.54711687175));
#2808 = SURFACE_CURVE('',#2809,(#2813,#2820),.PCURVE_S1.);
#2809 = LINE('',#2810,#2811);
#2810 = CARTESIAN_POINT('',(66.5,17.24777645803,-54.99092434005));
#2811 = VECTOR('',#2812,1.);
#2812 = DIRECTION('',(0.,0.999185763266,4.034613348181E-02));
#2813 = PCURVE('',#2609,#2814);
#2814 = DEFINITIONAL_REPRESENTATION('',(#2815),#2819);
#2815 = LINE('',#2816,#2817);
#2816 = CARTESIAN_POINT('',(86.,0.));
#2817 = VECTOR('',#2818,1.);
#2818 = DIRECTION('',(0.,1.));
#2819 = ( GEOMETRIC_REPRESENTATION_CONTEXT(2)
PARAMETRIC_REPRESENTATION_CONTEXT() REPRESENTATION_CONTEXT('2D SPACE',''
  ) );
#2820 = PCURVE('',#1971,#2821);
#2821 = DEFINITIONAL_REPRESENTATION('',(#2822),#2826);
#2822 = LINE('',#2823,#2824);
#2823 = CARTESIAN_POINT('',(0.,0.));
#2824 = VECTOR('',#2825,1.);
#2825 = DIRECTION('',(0.,-1.));
#2826 = ( GEOMETRIC_REPRESENTATION_CONTEXT(2)
PARAMETRIC_REPRESENTATION_CONTEXT() REPRESENTATION_CONTEXT('2D SPACE',''
  ) );
#2827 = ORIENTED_EDGE('',*,*,#2828,.T.);
#2828 = EDGE_CURVE('',#2806,#2829,#2831,.T.);
#2829 = VERTEX_POINT('',#2830);
#2830 = CARTESIAN_POINT('',(63.5,31.236377143752,-54.4260784713));
#2831 = SURFACE_CURVE('',#2832,(#2837,#2844),.PCURVE_S1.);
#2832 = CIRCLE('',#2833,3.);
#2833 = AXIS2_PLACEMENT_3D('',#2834,#2835,#2836);
#2834 = CARTESIAN_POINT('',(63.5,28.238819853954,-54.54711687175));
#2835 = DIRECTION('',(0.,-4.034613348181E-02,0.999185763266));
#2836 = DIRECTION('',(0.,-0.999185763266,-4.034613348181E-02));
#2837 = PCURVE('',#2609,#2838);
#2838 = DEFINITIONAL_REPRESENTATION('',(#2839),#2843);
#2839 = CIRCLE('',#2840,3.);
#2840 = AXIS2_PLACEMENT_2D('',#2841,#2842);
#2841 = CARTESIAN_POINT('',(83.,11.));
#2842 = DIRECTION('',(0.,-1.));
#2843 = ( GEOMETRIC_REPRESENTATION_CONTEXT(2)
PARAMETRIC_REPRESENTATION_CONTEXT() REPRESENTATION_CONTEXT('2D SPACE',''
  ) );
#2844 = PCURVE('',#2000,#2845);
#2845 = DEFINITIONAL_REPRESENTATION('',(#2846),#2850);
#2846 = LINE('',#2847,#2848);
#2847 = CARTESIAN_POINT('',(-1.570796326795,0.));
#2848 = VECTOR('',#2849,1.);
#2849 = DIRECTION('',(1.,0.));
#2850 = ( GEOMETRIC_REPRESENTATION_CONTEXT(2)
PARAMETRIC_REPRESENTATION_CONTEXT() REPRESENTATION_CONTEXT('2D SPACE',''
  ) );
#2851 = ORIENTED_EDGE('',*,*,#2852,.F.);
#2852 = EDGE_CURVE('',#2853,#2829,#2855,.T.);
#2853 = VERTEX_POINT('',#2854);
#2854 = CARTESIAN_POINT('',(-16.5,31.236377143752,-54.4260784713));
#2855 = SURFACE_CURVE('',#2856,(#2860,#2867),.PCURVE_S1.);
#2856 = LINE('',#2857,#2858);
#2857 = CARTESIAN_POINT('',(-19.5,31.236377143752,-54.4260784713));
#2858 = VECTOR('',#2859,1.);
#2859 = DIRECTION('',(1.,0.,0.));
#2860 = PCURVE('',#2609,#2861);
#2861 = DEFINITIONAL_REPRESENTATION('',(#2862),#2866);
#2862 = LINE('',#2863,#2864);
#2863 = CARTESIAN_POINT('',(0.,14.));
#2864 = VECTOR('',#2865,1.);
#2865 = DIRECTION('',(1.,0.));
#2866 = ( GEOMETRIC_REPRESENTATION_CONTEXT(2)
PARAMETRIC_REPRESENTATION_CONTEXT() REPRESENTATION_CONTEXT('2D SPACE',''
  ) );
#2867 = PCURVE('',#2028,#2868);
#2868 = DEFINITIONAL_REPRESENTATION('',(#2869),#2873);
#2869 = LINE('',#2870,#2871);
#2870 = CARTESIAN_POINT('',(0.,0.));
#2871 = VECTOR('',#2872,1.);
#2872 = DIRECTION('',(0.,1.));
#2873 = ( GEOMETRIC_REPRESENTATION_CONTEXT(2)
PARAMETRIC_REPRESENTATION_CONTEXT() REPRESENTATION_CONTEXT('2D SPACE',''
  ) );
#2874 = ORIENTED_EDGE('',*,*,#2875,.F.);
#2875 = EDGE_CURVE('',#2876,#2853,#2878,.T.);
#2876 = VERTEX_POINT('',#2877);
#2877 = CARTESIAN_POINT('',(-19.5,28.238819853954,-54.54711687175));
#2878 = SURFACE_CURVE('',#2879,(#2884,#2895),.PCURVE_S1.);
#2879 = CIRCLE('',#2880,3.);
#2880 = AXIS2_PLACEMENT_3D('',#2881,#2882,#2883);
#2881 = CARTESIAN_POINT('',(-16.5,28.238819853954,-54.54711687175));
#2882 = DIRECTION('',(0.,4.034613348181E-02,-0.999185763266));
#2883 = DIRECTION('',(0.,-0.999185763266,-4.034613348181E-02));
#2884 = PCURVE('',#2609,#2885);
#2885 = DEFINITIONAL_REPRESENTATION('',(#2886),#2894);
#2886 = ( BOUNDED_CURVE() B_SPLINE_CURVE(2,(#2887,#2888,#2889,#2890,
#2891,#2892,#2893),.UNSPECIFIED.,.T.,.F.) B_SPLINE_CURVE_WITH_KNOTS((1,2
    ,2,2,2,1),(-2.094395102393,0.,2.094395102393,4.188790204786,
6.28318530718,8.377580409573),.UNSPECIFIED.) CURVE()
GEOMETRIC_REPRESENTATION_ITEM() RATIONAL_B_SPLINE_CURVE((1.,0.5,1.,0.5,
1.,0.5,1.)) REPRESENTATION_ITEM('') );
#2887 = CARTESIAN_POINT('',(3.,8.));
#2888 = CARTESIAN_POINT('',(-2.196152422707,8.));
#2889 = CARTESIAN_POINT('',(0.401923788647,12.5));
#2890 = CARTESIAN_POINT('',(3.,17.));
#2891 = CARTESIAN_POINT('',(5.598076211353,12.5));
#2892 = CARTESIAN_POINT('',(8.196152422707,8.));
#2893 = CARTESIAN_POINT('',(3.,8.));
#2894 = ( GEOMETRIC_REPRESENTATION_CONTEXT(2)
PARAMETRIC_REPRESENTATION_CONTEXT() REPRESENTATION_CONTEXT('2D SPACE',''
  ) );
#2895 = PCURVE('',#2061,#2896);
#2896 = DEFINITIONAL_REPRESENTATION('',(#2897),#2901);
#2897 = LINE('',#2898,#2899);
#2898 = CARTESIAN_POINT('',(1.570796326795,-0.));
#2899 = VECTOR('',#2900,1.);
#2900 = DIRECTION('',(-1.,0.));
#2901 = ( GEOMETRIC_REPRESENTATION_CONTEXT(2)
PARAMETRIC_REPRESENTATION_CONTEXT() REPRESENTATION_CONTEXT('2D SPACE',''
  ) );
#2902 = ORIENTED_EDGE('',*,*,#2903,.F.);
#2903 = EDGE_CURVE('',#2904,#2876,#2906,.T.);
#2904 = VERTEX_POINT('',#2905);
#2905 = CARTESIAN_POINT('',(-19.5,27.739226972321,-54.56728993849));
#2906 = SURFACE_CURVE('',#2907,(#2911,#2918),.PCURVE_S1.);
#2907 = LINE('',#2908,#2909);
#2908 = CARTESIAN_POINT('',(-19.5,17.24777645803,-54.99092434005));
#2909 = VECTOR('',#2910,1.);
#2910 = DIRECTION('',(0.,0.999185763266,4.034613348181E-02));
#2911 = PCURVE('',#2609,#2912);
#2912 = DEFINITIONAL_REPRESENTATION('',(#2913),#2917);
#2913 = LINE('',#2914,#2915);
#2914 = CARTESIAN_POINT('',(0.,0.));
#2915 = VECTOR('',#2916,1.);
#2916 = DIRECTION('',(0.,1.));
#2917 = ( GEOMETRIC_REPRESENTATION_CONTEXT(2)
PARAMETRIC_REPRESENTATION_CONTEXT() REPRESENTATION_CONTEXT('2D SPACE',''
  ) );
#2918 = PCURVE('',#2089,#2919);
#2919 = DEFINITIONAL_REPRESENTATION('',(#2920),#2924);
#2920 = LINE('',#2921,#2922);
#2921 = CARTESIAN_POINT('',(0.,0.));
#2922 = VECTOR('',#2923,1.);
#2923 = DIRECTION('',(0.,-1.));
#2924 = ( GEOMETRIC_REPRESENTATION_CONTEXT(2)
PARAMETRIC_REPRESENTATION_CONTEXT() REPRESENTATION_CONTEXT('2D SPACE',''
  ) );
#2925 = ORIENTED_EDGE('',*,*,#2926,.F.);
#2926 = EDGE_CURVE('',#2927,#2904,#2929,.T.);
#2927 = VERTEX_POINT('',#2928);
#2928 = CARTESIAN_POINT('',(-28.5,27.739226972321,-54.56728993849));
#2929 = SURFACE_CURVE('',#2930,(#2934,#2941),.PCURVE_S1.);
#2930 = LINE('',#2931,#2932);
#2931 = CARTESIAN_POINT('',(-31.,27.739226972321,-54.56728993849));
#2932 = VECTOR('',#2933,1.);
#2933 = DIRECTION('',(1.,0.,0.));
#2934 = PCURVE('',#2609,#2935);
#2935 = DEFINITIONAL_REPRESENTATION('',(#2936),#2940);
#2936 = LINE('',#2937,#2938);
#2937 = CARTESIAN_POINT('',(-11.5,10.5));
#2938 = VECTOR('',#2939,1.);
#2939 = DIRECTION('',(1.,0.));
#2940 = ( GEOMETRIC_REPRESENTATION_CONTEXT(2)
PARAMETRIC_REPRESENTATION_CONTEXT() REPRESENTATION_CONTEXT('2D SPACE',''
  ) );
#2941 = PCURVE('',#2117,#2942);
#2942 = DEFINITIONAL_REPRESENTATION('',(#2943),#2947);
#2943 = LINE('',#2944,#2945);
#2944 = CARTESIAN_POINT('',(0.,0.));
#2945 = VECTOR('',#2946,1.);
#2946 = DIRECTION('',(0.,1.));
#2947 = ( GEOMETRIC_REPRESENTATION_CONTEXT(2)
PARAMETRIC_REPRESENTATION_CONTEXT() REPRESENTATION_CONTEXT('2D SPACE',''
  ) );
#2948 = ORIENTED_EDGE('',*,*,#2949,.F.);
#2949 = EDGE_CURVE('',#2950,#2927,#2952,.T.);
#2950 = VERTEX_POINT('',#2951);
#2951 = CARTESIAN_POINT('',(-31.,25.241262564157,-54.66815527219));
#2952 = SURFACE_CURVE('',#2953,(#2958,#2969),.PCURVE_S1.);
#2953 = CIRCLE('',#2954,2.5);
#2954 = AXIS2_PLACEMENT_3D('',#2955,#2956,#2957);
#2955 = CARTESIAN_POINT('',(-28.5,25.241262564157,-54.66815527219));
#2956 = DIRECTION('',(0.,4.034613348181E-02,-0.999185763266));
#2957 = DIRECTION('',(0.,-0.999185763266,-4.034613348181E-02));
#2958 = PCURVE('',#2609,#2959);
#2959 = DEFINITIONAL_REPRESENTATION('',(#2960),#2968);
#2960 = ( BOUNDED_CURVE() B_SPLINE_CURVE(2,(#2961,#2962,#2963,#2964,
#2965,#2966,#2967),.UNSPECIFIED.,.T.,.F.) B_SPLINE_CURVE_WITH_KNOTS((1,2
    ,2,2,2,1),(-2.094395102393,0.,2.094395102393,4.188790204786,
6.28318530718,8.377580409573),.UNSPECIFIED.) CURVE()
GEOMETRIC_REPRESENTATION_ITEM() RATIONAL_B_SPLINE_CURVE((1.,0.5,1.,0.5,
1.,0.5,1.)) REPRESENTATION_ITEM('') );
#2961 = CARTESIAN_POINT('',(-9.,5.5));
#2962 = CARTESIAN_POINT('',(-13.33012701892,5.5));
#2963 = CARTESIAN_POINT('',(-11.16506350946,9.25));
#2964 = CARTESIAN_POINT('',(-9.,13.));
#2965 = CARTESIAN_POINT('',(-6.834936490539,9.25));
#2966 = CARTESIAN_POINT('',(-4.669872981078,5.5));
#2967 = CARTESIAN_POINT('',(-9.,5.5));
#2968 = ( GEOMETRIC_REPRESENTATION_CONTEXT(2)
PARAMETRIC_REPRESENTATION_CONTEXT() REPRESENTATION_CONTEXT('2D SPACE',''
  ) );
#2969 = PCURVE('',#1550,#2970);
#2970 = DEFINITIONAL_REPRESENTATION('',(#2971),#2975);
#2971 = LINE('',#2972,#2973);
#2972 = CARTESIAN_POINT('',(1.570796326795,-0.));
#2973 = VECTOR('',#2974,1.);
#2974 = DIRECTION('',(-1.,0.));
#2975 = ( GEOMETRIC_REPRESENTATION_CONTEXT(2)
PARAMETRIC_REPRESENTATION_CONTEXT() REPRESENTATION_CONTEXT('2D SPACE',''
  ) );
#2976 = ORIENTED_EDGE('',*,*,#2977,.F.);
#2977 = EDGE_CURVE('',#2978,#2950,#2980,.T.);
#2978 = VERTEX_POINT('',#2979);
#2979 = CARTESIAN_POINT('',(-31.,23.242891037625,-54.74884753916));
#2980 = SURFACE_CURVE('',#2981,(#2985,#2992),.PCURVE_S1.);
#2981 = LINE('',#2982,#2983);
#2982 = CARTESIAN_POINT('',(-31.,20.744926629461,-54.84971287286));
#2983 = VECTOR('',#2984,1.);
#2984 = DIRECTION('',(0.,0.999185763266,4.034613348181E-02));
#2985 = PCURVE('',#2609,#2986);
#2986 = DEFINITIONAL_REPRESENTATION('',(#2987),#2991);
#2987 = LINE('',#2988,#2989);
#2988 = CARTESIAN_POINT('',(-11.5,3.5));
#2989 = VECTOR('',#2990,1.);
#2990 = DIRECTION('',(0.,1.));
#2991 = ( GEOMETRIC_REPRESENTATION_CONTEXT(2)
PARAMETRIC_REPRESENTATION_CONTEXT() REPRESENTATION_CONTEXT('2D SPACE',''
  ) );
#2992 = PCURVE('',#2993,#2998);
#2993 = PLANE('',#2994);
#2994 = AXIS2_PLACEMENT_3D('',#2995,#2996,#2997);
#2995 = CARTESIAN_POINT('',(-31.,20.744926629461,-54.84971287286));
#2996 = DIRECTION('',(1.,0.,0.));
#2997 = DIRECTION('',(0.,-4.034613348181E-02,0.999185763266));
#2998 = DEFINITIONAL_REPRESENTATION('',(#2999),#3003);
#2999 = LINE('',#3000,#3001);
#3000 = CARTESIAN_POINT('',(0.,0.));
#3001 = VECTOR('',#3002,1.);
#3002 = DIRECTION('',(0.,-1.));
#3003 = ( GEOMETRIC_REPRESENTATION_CONTEXT(2)
PARAMETRIC_REPRESENTATION_CONTEXT() REPRESENTATION_CONTEXT('2D SPACE',''
  ) );
#3004 = ORIENTED_EDGE('',*,*,#3005,.T.);
#3005 = EDGE_CURVE('',#2978,#3006,#3008,.T.);
#3006 = VERTEX_POINT('',#3007);
#3007 = CARTESIAN_POINT('',(-28.5,20.744926629461,-54.84971287286));
#3008 = SURFACE_CURVE('',#3009,(#3014,#3021),.PCURVE_S1.);
#3009 = CIRCLE('',#3010,2.5);
#3010 = AXIS2_PLACEMENT_3D('',#3011,#3012,#3013);
#3011 = CARTESIAN_POINT('',(-28.5,23.242891037625,-54.74884753916));
#3012 = DIRECTION('',(0.,-4.034613348181E-02,0.999185763266));
#3013 = DIRECTION('',(0.,-0.999185763266,-4.034613348181E-02));
#3014 = PCURVE('',#2609,#3015);
#3015 = DEFINITIONAL_REPRESENTATION('',(#3016),#3020);
#3016 = CIRCLE('',#3017,2.5);
#3017 = AXIS2_PLACEMENT_2D('',#3018,#3019);
#3018 = CARTESIAN_POINT('',(-9.,6.));
#3019 = DIRECTION('',(0.,-1.));
#3020 = ( GEOMETRIC_REPRESENTATION_CONTEXT(2)
PARAMETRIC_REPRESENTATION_CONTEXT() REPRESENTATION_CONTEXT('2D SPACE',''
  ) );
#3021 = PCURVE('',#1498,#3022);
#3022 = DEFINITIONAL_REPRESENTATION('',(#3023),#3027);
#3023 = LINE('',#3024,#3025);
#3024 = CARTESIAN_POINT('',(-4.712388980385,0.));
#3025 = VECTOR('',#3026,1.);
#3026 = DIRECTION('',(1.,0.));
#3027 = ( GEOMETRIC_REPRESENTATION_CONTEXT(2)
PARAMETRIC_REPRESENTATION_CONTEXT() REPRESENTATION_CONTEXT('2D SPACE',''
  ) );
#3028 = ORIENTED_EDGE('',*,*,#3029,.T.);
#3029 = EDGE_CURVE('',#3006,#2708,#3030,.T.);
#3030 = SURFACE_CURVE('',#3031,(#3035,#3042),.PCURVE_S1.);
#3031 = LINE('',#3032,#3033);
#3032 = CARTESIAN_POINT('',(-31.,20.744926629461,-54.84971287286));
#3033 = VECTOR('',#3034,1.);
#3034 = DIRECTION('',(1.,0.,0.));
#3035 = PCURVE('',#2609,#3036);
#3036 = DEFINITIONAL_REPRESENTATION('',(#3037),#3041);
#3037 = LINE('',#3038,#3039);
#3038 = CARTESIAN_POINT('',(-11.5,3.5));
#3039 = VECTOR('',#3040,1.);
#3040 = DIRECTION('',(1.,0.));
#3041 = ( GEOMETRIC_REPRESENTATION_CONTEXT(2)
PARAMETRIC_REPRESENTATION_CONTEXT() REPRESENTATION_CONTEXT('2D SPACE',''
  ) );
#3042 = PCURVE('',#1679,#3043);
#3043 = DEFINITIONAL_REPRESENTATION('',(#3044),#3048);
#3044 = LINE('',#3045,#3046);
#3045 = CARTESIAN_POINT('',(0.,0.));
#3046 = VECTOR('',#3047,1.);
#3047 = DIRECTION('',(0.,1.));
#3048 = ( GEOMETRIC_REPRESENTATION_CONTEXT(2)
PARAMETRIC_REPRESENTATION_CONTEXT() REPRESENTATION_CONTEXT('2D SPACE',''
  ) );
#3049 = FACE_BOUND('',#3050,.F.);
#3050 = EDGE_LOOP('',(#3051));
#3051 = ORIENTED_EDGE('',*,*,#3052,.T.);
#3052 = EDGE_CURVE('',#3053,#3053,#3055,.T.);
#3053 = VERTEX_POINT('',#3054);
#3054 = CARTESIAN_POINT('',(2.7,24.242076800891,-54.70850140567));
#3055 = SURFACE_CURVE('',#3056,(#3061,#3072),.PCURVE_S1.);
#3056 = CIRCLE('',#3057,1.7);
#3057 = AXIS2_PLACEMENT_3D('',#3058,#3059,#3060);
#3058 = CARTESIAN_POINT('',(1.,24.242076800891,-54.70850140567));
#3059 = DIRECTION('',(0.,4.034613348181E-02,-0.999185763266));
#3060 = DIRECTION('',(1.,0.,0.));
#3061 = PCURVE('',#2609,#3062);
#3062 = DEFINITIONAL_REPRESENTATION('',(#3063),#3071);
#3063 = ( BOUNDED_CURVE() B_SPLINE_CURVE(2,(#3064,#3065,#3066,#3067,
#3068,#3069,#3070),.UNSPECIFIED.,.T.,.F.) B_SPLINE_CURVE_WITH_KNOTS((1,2
    ,2,2,2,1),(-2.094395102393,0.,2.094395102393,4.188790204786,
6.28318530718,8.377580409573),.UNSPECIFIED.) CURVE()
GEOMETRIC_REPRESENTATION_ITEM() RATIONAL_B_SPLINE_CURVE((1.,0.5,1.,0.5,
1.,0.5,1.)) REPRESENTATION_ITEM('') );
#3064 = CARTESIAN_POINT('',(22.2,7.));
#3065 = CARTESIAN_POINT('',(22.2,4.055513627133));
#3066 = CARTESIAN_POINT('',(19.65,5.527756813566));
#3067 = CARTESIAN_POINT('',(17.1,7.));
#3068 = CARTESIAN_POINT('',(19.65,8.472243186434));
#3069 = CARTESIAN_POINT('',(22.2,9.944486372867));
#3070 = CARTESIAN_POINT('',(22.2,7.));
#3071 = ( GEOMETRIC_REPRESENTATION_CONTEXT(2)
PARAMETRIC_REPRESENTATION_CONTEXT() REPRESENTATION_CONTEXT('2D SPACE',''
  ) );
#3072 = PCURVE('',#3073,#3078);
#3073 = CYLINDRICAL_SURFACE('',#3074,1.7);
#3074 = AXIS2_PLACEMENT_3D('',#3075,#3076,#3077);
#3075 = CARTESIAN_POINT('',(1.,24.262249867632,-55.20809428731));
#3076 = DIRECTION('',(-0.,4.034613348181E-02,-0.999185763266));
#3077 = DIRECTION('',(1.,0.,0.));
#3078 = DEFINITIONAL_REPRESENTATION('',(#3079),#3083);
#3079 = LINE('',#3080,#3081);
#3080 = CARTESIAN_POINT('',(-6.28318530718,-0.5));
#3081 = VECTOR('',#3082,1.);
#3082 = DIRECTION('',(1.,-0.));
#3083 = ( GEOMETRIC_REPRESENTATION_CONTEXT(2)
PARAMETRIC_REPRESENTATION_CONTEXT() REPRESENTATION_CONTEXT('2D SPACE',''
  ) );
#3084 = FACE_BOUND('',#3085,.F.);
#3085 = EDGE_LOOP('',(#3086));
#3086 = ORIENTED_EDGE('',*,*,#2594,.T.);
#3087 = ADVANCED_FACE('',(#3088),#3073,.F.);
#3088 = FACE_BOUND('',#3089,.T.);
#3089 = EDGE_LOOP('',(#3090,#3091,#3114,#3145));
#3090 = ORIENTED_EDGE('',*,*,#3052,.T.);
#3091 = ORIENTED_EDGE('',*,*,#3092,.T.);
#3092 = EDGE_CURVE('',#3053,#3093,#3095,.T.);
#3093 = VERTEX_POINT('',#3094);
#3094 = CARTESIAN_POINT('',(2.7,24.,-48.71338682608));
#3095 = SEAM_CURVE('',#3096,(#3100,#3107),.PCURVE_S1.);
#3096 = LINE('',#3097,#3098);
#3097 = CARTESIAN_POINT('',(2.7,24.262249867632,-55.20809428731));
#3098 = VECTOR('',#3099,1.);
#3099 = DIRECTION('',(0.,-4.034613348181E-02,0.999185763266));
#3100 = PCURVE('',#3073,#3101);
#3101 = DEFINITIONAL_REPRESENTATION('',(#3102),#3106);
#3102 = LINE('',#3103,#3104);
#3103 = CARTESIAN_POINT('',(-6.28318530718,0.));
#3104 = VECTOR('',#3105,1.);
#3105 = DIRECTION('',(-0.,-1.));
#3106 = ( GEOMETRIC_REPRESENTATION_CONTEXT(2)
PARAMETRIC_REPRESENTATION_CONTEXT() REPRESENTATION_CONTEXT('2D SPACE',''
  ) );
#3107 = PCURVE('',#3073,#3108);
#3108 = DEFINITIONAL_REPRESENTATION('',(#3109),#3113);
#3109 = LINE('',#3110,#3111);
#3110 = CARTESIAN_POINT('',(-0.,0.));
#3111 = VECTOR('',#3112,1.);
#3112 = DIRECTION('',(-0.,-1.));
#3113 = ( GEOMETRIC_REPRESENTATION_CONTEXT(2)
PARAMETRIC_REPRESENTATION_CONTEXT() REPRESENTATION_CONTEXT('2D SPACE',''
  ) );
#3114 = ORIENTED_EDGE('',*,*,#3115,.F.);
#3115 = EDGE_CURVE('',#3093,#3093,#3116,.T.);
#3116 = SURFACE_CURVE('',#3117,(#3122,#3129),.PCURVE_S1.);
#3117 = CIRCLE('',#3118,1.7);
#3118 = AXIS2_PLACEMENT_3D('',#3119,#3120,#3121);
#3119 = CARTESIAN_POINT('',(1.,24.,-48.71338682608));
#3120 = DIRECTION('',(0.,4.034613348181E-02,-0.999185763266));
#3121 = DIRECTION('',(1.,0.,0.));
#3122 = PCURVE('',#3073,#3123);
#3123 = DEFINITIONAL_REPRESENTATION('',(#3124),#3128);
#3124 = LINE('',#3125,#3126);
#3125 = CARTESIAN_POINT('',(-6.28318530718,-6.5));
#3126 = VECTOR('',#3127,1.);
#3127 = DIRECTION('',(1.,-0.));
#3128 = ( GEOMETRIC_REPRESENTATION_CONTEXT(2)
PARAMETRIC_REPRESENTATION_CONTEXT() REPRESENTATION_CONTEXT('2D SPACE',''
  ) );
#3129 = PCURVE('',#3130,#3135);
#3130 = PLANE('',#3131);
#3131 = AXIS2_PLACEMENT_3D('',#3132,#3133,#3134);
#3132 = CARTESIAN_POINT('',(1.,24.,-48.71338682608));
#3133 = DIRECTION('',(0.,-4.034613348181E-02,0.999185763266));
#3134 = DIRECTION('',(1.,0.,0.));
#3135 = DEFINITIONAL_REPRESENTATION('',(#3136),#3144);
#3136 = ( BOUNDED_CURVE() B_SPLINE_CURVE(2,(#3137,#3138,#3139,#3140,
#3141,#3142,#3143),.UNSPECIFIED.,.T.,.F.) B_SPLINE_CURVE_WITH_KNOTS((1,2
    ,2,2,2,1),(-2.094395102393,0.,2.094395102393,4.188790204786,
6.28318530718,8.377580409573),.UNSPECIFIED.) CURVE()
GEOMETRIC_REPRESENTATION_ITEM() RATIONAL_B_SPLINE_CURVE((1.,0.5,1.,0.5,
1.,0.5,1.)) REPRESENTATION_ITEM('') );
#3137 = CARTESIAN_POINT('',(1.7,0.));
#3138 = CARTESIAN_POINT('',(1.7,-2.944486372867));
#3139 = CARTESIAN_POINT('',(-0.85,-1.472243186434));
#3140 = CARTESIAN_POINT('',(-3.4,-4.163799117101E-16));
#3141 = CARTESIAN_POINT('',(-0.85,1.472243186434));
#3142 = CARTESIAN_POINT('',(1.7,2.944486372867));
#3143 = CARTESIAN_POINT('',(1.7,0.));
#3144 = ( GEOMETRIC_REPRESENTATION_CONTEXT(2)
PARAMETRIC_REPRESENTATION_CONTEXT() REPRESENTATION_CONTEXT('2D SPACE',''
  ) );
#3145 = ORIENTED_EDGE('',*,*,#3092,.F.);
#3146 = ADVANCED_FACE('',(#3147,#3173),#3130,.T.);
#3147 = FACE_BOUND('',#3148,.T.);
#3148 = EDGE_LOOP('',(#3149));
#3149 = ORIENTED_EDGE('',*,*,#3150,.T.);
#3150 = EDGE_CURVE('',#3151,#3151,#3153,.T.);
#3151 = VERTEX_POINT('',#3152);
#3152 = CARTESIAN_POINT('',(6.,24.,-48.71338682608));
#3153 = SURFACE_CURVE('',#3154,(#3159,#3166),.PCURVE_S1.);
#3154 = CIRCLE('',#3155,5.);
#3155 = AXIS2_PLACEMENT_3D('',#3156,#3157,#3158);
#3156 = CARTESIAN_POINT('',(1.,24.,-48.71338682608));
#3157 = DIRECTION('',(0.,-4.034613348181E-02,0.999185763266));
#3158 = DIRECTION('',(1.,0.,0.));
#3159 = PCURVE('',#3130,#3160);
#3160 = DEFINITIONAL_REPRESENTATION('',(#3161),#3165);
#3161 = CIRCLE('',#3162,5.);
#3162 = AXIS2_PLACEMENT_2D('',#3163,#3164);
#3163 = CARTESIAN_POINT('',(2.22044604925E-16,0.));
#3164 = DIRECTION('',(1.,0.));
#3165 = ( GEOMETRIC_REPRESENTATION_CONTEXT(2)
PARAMETRIC_REPRESENTATION_CONTEXT() REPRESENTATION_CONTEXT('2D SPACE',''
  ) );
#3166 = PCURVE('',#2222,#3167);
#3167 = DEFINITIONAL_REPRESENTATION('',(#3168),#3172);
#3168 = LINE('',#3169,#3170);
#3169 = CARTESIAN_POINT('',(-0.,-1.));
#3170 = VECTOR('',#3171,1.);
#3171 = DIRECTION('',(-1.,0.));
#3172 = ( GEOMETRIC_REPRESENTATION_CONTEXT(2)
PARAMETRIC_REPRESENTATION_CONTEXT() REPRESENTATION_CONTEXT('2D SPACE',''
  ) );
#3173 = FACE_BOUND('',#3174,.T.);
#3174 = EDGE_LOOP('',(#3175));
#3175 = ORIENTED_EDGE('',*,*,#3115,.T.);
#3176 = ADVANCED_FACE('',(#3177),#2993,.F.);
#3177 = FACE_BOUND('',#3178,.F.);
#3178 = EDGE_LOOP('',(#3179,#3204,#3225,#3226));
#3179 = ORIENTED_EDGE('',*,*,#3180,.F.);
#3180 = EDGE_CURVE('',#3181,#3183,#3185,.T.);
#3181 = VERTEX_POINT('',#3182);
#3182 = CARTESIAN_POINT('',(-31.,23.041160370216,-49.75291872283));
#3183 = VERTEX_POINT('',#3184);
#3184 = CARTESIAN_POINT('',(-31.,25.039531896748,-49.67222645586));
#3185 = SURFACE_CURVE('',#3186,(#3190,#3197),.PCURVE_S1.);
#3186 = LINE('',#3187,#3188);
#3187 = CARTESIAN_POINT('',(-31.,20.543195962051,-49.85378405653));
#3188 = VECTOR('',#3189,1.);
#3189 = DIRECTION('',(0.,0.999185763266,4.034613348181E-02));
#3190 = PCURVE('',#2993,#3191);
#3191 = DEFINITIONAL_REPRESENTATION('',(#3192),#3196);
#3192 = LINE('',#3193,#3194);
#3193 = CARTESIAN_POINT('',(5.,-4.440892098501E-16));
#3194 = VECTOR('',#3195,1.);
#3195 = DIRECTION('',(0.,-1.));
#3196 = ( GEOMETRIC_REPRESENTATION_CONTEXT(2)
PARAMETRIC_REPRESENTATION_CONTEXT() REPRESENTATION_CONTEXT('2D SPACE',''
  ) );
#3197 = PCURVE('',#1524,#3198);
#3198 = DEFINITIONAL_REPRESENTATION('',(#3199),#3203);
#3199 = LINE('',#3200,#3201);
#3200 = CARTESIAN_POINT('',(-11.5,3.5));
#3201 = VECTOR('',#3202,1.);
#3202 = DIRECTION('',(0.,1.));
#3203 = ( GEOMETRIC_REPRESENTATION_CONTEXT(2)
PARAMETRIC_REPRESENTATION_CONTEXT() REPRESENTATION_CONTEXT('2D SPACE',''
  ) );
#3204 = ORIENTED_EDGE('',*,*,#3205,.F.);
#3205 = EDGE_CURVE('',#2978,#3181,#3206,.T.);
#3206 = SURFACE_CURVE('',#3207,(#3211,#3218),.PCURVE_S1.);
#3207 = LINE('',#3208,#3209);
#3208 = CARTESIAN_POINT('',(-31.,23.242891037625,-54.74884753916));
#3209 = VECTOR('',#3210,1.);
#3210 = DIRECTION('',(0.,-4.034613348181E-02,0.999185763266));
#3211 = PCURVE('',#2993,#3212);
#3212 = DEFINITIONAL_REPRESENTATION('',(#3213),#3217);
#3213 = LINE('',#3214,#3215);
#3214 = CARTESIAN_POINT('',(-3.774758283726E-15,-2.5));
#3215 = VECTOR('',#3216,1.);
#3216 = DIRECTION('',(1.,0.));
#3217 = ( GEOMETRIC_REPRESENTATION_CONTEXT(2)
PARAMETRIC_REPRESENTATION_CONTEXT() REPRESENTATION_CONTEXT('2D SPACE',''
  ) );
#3218 = PCURVE('',#1498,#3219);
#3219 = DEFINITIONAL_REPRESENTATION('',(#3220),#3224);
#3220 = LINE('',#3221,#3222);
#3221 = CARTESIAN_POINT('',(0.,0.));
#3222 = VECTOR('',#3223,1.);
#3223 = DIRECTION('',(0.,1.));
#3224 = ( GEOMETRIC_REPRESENTATION_CONTEXT(2)
PARAMETRIC_REPRESENTATION_CONTEXT() REPRESENTATION_CONTEXT('2D SPACE',''
  ) );
#3225 = ORIENTED_EDGE('',*,*,#2977,.T.);
#3226 = ORIENTED_EDGE('',*,*,#3227,.T.);
#3227 = EDGE_CURVE('',#2950,#3183,#3228,.T.);
#3228 = SURFACE_CURVE('',#3229,(#3233,#3240),.PCURVE_S1.);
#3229 = LINE('',#3230,#3231);
#3230 = CARTESIAN_POINT('',(-31.,25.241262564157,-54.66815527219));
#3231 = VECTOR('',#3232,1.);
#3232 = DIRECTION('',(0.,-4.034613348181E-02,0.999185763266));
#3233 = PCURVE('',#2993,#3234);
#3234 = DEFINITIONAL_REPRESENTATION('',(#3235),#3239);
#3235 = LINE('',#3236,#3237);
#3236 = CARTESIAN_POINT('',(-4.024558464266E-15,-4.5));
#3237 = VECTOR('',#3238,1.);
#3238 = DIRECTION('',(1.,0.));
#3239 = ( GEOMETRIC_REPRESENTATION_CONTEXT(2)
PARAMETRIC_REPRESENTATION_CONTEXT() REPRESENTATION_CONTEXT('2D SPACE',''
  ) );
#3240 = PCURVE('',#1550,#3241);
#3241 = DEFINITIONAL_REPRESENTATION('',(#3242),#3246);
#3242 = LINE('',#3243,#3244);
#3243 = CARTESIAN_POINT('',(-0.,0.));
#3244 = VECTOR('',#3245,1.);
#3245 = DIRECTION('',(-0.,1.));
#3246 = ( GEOMETRIC_REPRESENTATION_CONTEXT(2)
PARAMETRIC_REPRESENTATION_CONTEXT() REPRESENTATION_CONTEXT('2D SPACE',''
  ) );
#3247 = ADVANCED_FACE('',(#3248),#2670,.T.);
#3248 = FACE_BOUND('',#3249,.T.);
#3249 = EDGE_LOOP('',(#3250,#3271));
#3250 = ORIENTED_EDGE('',*,*,#3251,.F.);
#3251 = EDGE_CURVE('',#2649,#2628,#3252,.T.);
#3252 = SURFACE_CURVE('',#3253,(#3257,#3264),.PCURVE_S1.);
#3253 = LINE('',#3254,#3255);
#3254 = CARTESIAN_POINT('',(44.5,21.248420072615,-54.68677566684));
#3255 = VECTOR('',#3256,1.);
#3256 = DIRECTION('',(0.,0.954422612758,0.298458500056));
#3257 = PCURVE('',#2670,#3258);
#3258 = DEFINITIONAL_REPRESENTATION('',(#3259),#3263);
#3259 = LINE('',#3260,#3261);
#3260 = CARTESIAN_POINT('',(0.,7.));
#3261 = VECTOR('',#3262,1.);
#3262 = DIRECTION('',(1.,0.));
#3263 = ( GEOMETRIC_REPRESENTATION_CONTEXT(2)
PARAMETRIC_REPRESENTATION_CONTEXT() REPRESENTATION_CONTEXT('2D SPACE',''
  ) );
#3264 = PCURVE('',#790,#3265);
#3265 = DEFINITIONAL_REPRESENTATION('',(#3266),#3270);
#3266 = LINE('',#3267,#3268);
#3267 = CARTESIAN_POINT('',(-7.105427357601E-15,-67.13357791325));
#3268 = VECTOR('',#3269,1.);
#3269 = DIRECTION('',(1.,0.));
#3270 = ( GEOMETRIC_REPRESENTATION_CONTEXT(2)
PARAMETRIC_REPRESENTATION_CONTEXT() REPRESENTATION_CONTEXT('2D SPACE',''
  ) );
#3271 = ORIENTED_EDGE('',*,*,#2648,.T.);
#3272 = ADVANCED_FACE('',(#3273),#2222,.T.);
#3273 = FACE_BOUND('',#3274,.F.);
#3274 = EDGE_LOOP('',(#3275,#3296,#3297,#3298));
#3275 = ORIENTED_EDGE('',*,*,#3276,.T.);
#3276 = EDGE_CURVE('',#2206,#3151,#3277,.T.);
#3277 = SEAM_CURVE('',#3278,(#3282,#3289),.PCURVE_S1.);
#3278 = LINE('',#3279,#3280);
#3279 = CARTESIAN_POINT('',(6.,24.040346133482,-49.71257258935));
#3280 = VECTOR('',#3281,1.);
#3281 = DIRECTION('',(0.,-4.034613348181E-02,0.999185763266));
#3282 = PCURVE('',#2222,#3283);
#3283 = DEFINITIONAL_REPRESENTATION('',(#3284),#3288);
#3284 = LINE('',#3285,#3286);
#3285 = CARTESIAN_POINT('',(-0.,0.));
#3286 = VECTOR('',#3287,1.);
#3287 = DIRECTION('',(-0.,-1.));
#3288 = ( GEOMETRIC_REPRESENTATION_CONTEXT(2)
PARAMETRIC_REPRESENTATION_CONTEXT() REPRESENTATION_CONTEXT('2D SPACE',''
  ) );
#3289 = PCURVE('',#2222,#3290);
#3290 = DEFINITIONAL_REPRESENTATION('',(#3291),#3295);
#3291 = LINE('',#3292,#3293);
#3292 = CARTESIAN_POINT('',(-6.28318530718,0.));
#3293 = VECTOR('',#3294,1.);
#3294 = DIRECTION('',(-0.,-1.));
#3295 = ( GEOMETRIC_REPRESENTATION_CONTEXT(2)
PARAMETRIC_REPRESENTATION_CONTEXT() REPRESENTATION_CONTEXT('2D SPACE',''
  ) );
#3296 = ORIENTED_EDGE('',*,*,#3150,.T.);
#3297 = ORIENTED_EDGE('',*,*,#3276,.F.);
#3298 = ORIENTED_EDGE('',*,*,#2205,.F.);
#3299 = ADVANCED_FACE('',(#3300),#2150,.T.);
#3300 = FACE_BOUND('',#3301,.F.);
#3301 = EDGE_LOOP('',(#3302,#3330,#3351));
#3302 = ORIENTED_EDGE('',*,*,#3303,.F.);
#3303 = EDGE_CURVE('',#3304,#2130,#3306,.T.);
#3304 = VERTEX_POINT('',#3305);
#3305 = CARTESIAN_POINT('',(-28.5,27.619704661901,-51.60727913551));
#3306 = SURFACE_CURVE('',#3307,(#3312,#3323),.PCURVE_S1.);
#3307 = ELLIPSE('',#3308,9.626187343158,2.5);
#3308 = AXIS2_PLACEMENT_3D('',#3309,#3310,#3311);
#3309 = CARTESIAN_POINT('',(-28.5,24.746687226208,-42.41982826056));
#3310 = DIRECTION('',(0.,0.954422612758,0.298458500056));
#3311 = DIRECTION('',(0.,-0.298458500056,0.954422612758));
#3312 = PCURVE('',#2150,#3313);
#3313 = DEFINITIONAL_REPRESENTATION('',(#3314),#3322);
#3314 = B_SPLINE_CURVE_WITH_KNOTS('',6,(#3315,#3316,#3317,#3318,#3319,
    #3320,#3321),.UNSPECIFIED.,.F.,.F.,(7,7),(3.14159265359,
    3.816429899673),.PIECEWISE_BEZIER_KNOTS.);
#3315 = CARTESIAN_POINT('',(-1.570796326795,2.962422916535));
#3316 = CARTESIAN_POINT('',(-1.458323452448,2.962422916535));
#3317 = CARTESIAN_POINT('',(-1.3458505781,3.103535894974));
#3318 = CARTESIAN_POINT('',(-1.233377703753,3.385763290341));
#3319 = CARTESIAN_POINT('',(-1.120904829406,3.803745002034));
#3320 = CARTESIAN_POINT('',(-1.008431955059,4.346781482285));
#3321 = CARTESIAN_POINT('',(-0.895959080711,5.0000006));
#3322 = ( GEOMETRIC_REPRESENTATION_CONTEXT(2)
PARAMETRIC_REPRESENTATION_CONTEXT() REPRESENTATION_CONTEXT('2D SPACE',''
  ) );
#3323 = PCURVE('',#1341,#3324);
#3324 = DEFINITIONAL_REPRESENTATION('',(#3325),#3329);
#3325 = ELLIPSE('',#3326,9.626187343158,2.5);
#3326 = AXIS2_PLACEMENT_2D('',#3327,#3328);
#3327 = CARTESIAN_POINT('',(2.,56.469813486632));
#3328 = DIRECTION('',(0.,-1.));
#3329 = ( GEOMETRIC_REPRESENTATION_CONTEXT(2)
PARAMETRIC_REPRESENTATION_CONTEXT() REPRESENTATION_CONTEXT('2D SPACE',''
  ) );
#3330 = ORIENTED_EDGE('',*,*,#3331,.T.);
#3331 = EDGE_CURVE('',#3304,#2102,#3332,.T.);
#3332 = SURFACE_CURVE('',#3333,(#3337,#3344),.PCURVE_S1.);
#3333 = LINE('',#3334,#3335);
#3334 = CARTESIAN_POINT('',(-28.5,27.739226972321,-54.56728993849));
#3335 = VECTOR('',#3336,1.);
#3336 = DIRECTION('',(0.,-4.034613348181E-02,0.999185763266));
#3337 = PCURVE('',#2150,#3338);
#3338 = DEFINITIONAL_REPRESENTATION('',(#3339),#3343);
#3339 = LINE('',#3340,#3341);
#3340 = CARTESIAN_POINT('',(-1.570796326795,0.));
#3341 = VECTOR('',#3342,1.);
#3342 = DIRECTION('',(-0.,1.));
#3343 = ( GEOMETRIC_REPRESENTATION_CONTEXT(2)
PARAMETRIC_REPRESENTATION_CONTEXT() REPRESENTATION_CONTEXT('2D SPACE',''
  ) );
#3344 = PCURVE('',#2117,#3345);
#3345 = DEFINITIONAL_REPRESENTATION('',(#3346),#3350);
#3346 = LINE('',#3347,#3348);
#3347 = CARTESIAN_POINT('',(0.,2.5));
#3348 = VECTOR('',#3349,1.);
#3349 = DIRECTION('',(1.,0.));
#3350 = ( GEOMETRIC_REPRESENTATION_CONTEXT(2)
PARAMETRIC_REPRESENTATION_CONTEXT() REPRESENTATION_CONTEXT('2D SPACE',''
  ) );
#3351 = ORIENTED_EDGE('',*,*,#2129,.F.);
#3352 = ADVANCED_FACE('',(#3353),#2117,.T.);
#3353 = FACE_BOUND('',#3354,.T.);
#3354 = EDGE_LOOP('',(#3355,#3356,#3379,#3400,#3426,#3445,#3446,#3447));
#3355 = ORIENTED_EDGE('',*,*,#2926,.F.);
#3356 = ORIENTED_EDGE('',*,*,#3357,.T.);
#3357 = EDGE_CURVE('',#2927,#3358,#3360,.T.);
#3358 = VERTEX_POINT('',#3359);
#3359 = CARTESIAN_POINT('',(-28.5,27.663054337033,-52.68084863266));
#3360 = SURFACE_CURVE('',#3361,(#3365,#3372),.PCURVE_S1.);
#3361 = LINE('',#3362,#3363);
#3362 = CARTESIAN_POINT('',(-28.5,27.739226972321,-54.56728993849));
#3363 = VECTOR('',#3364,1.);
#3364 = DIRECTION('',(0.,-4.034613348181E-02,0.999185763266));
#3365 = PCURVE('',#2117,#3366);
#3366 = DEFINITIONAL_REPRESENTATION('',(#3367),#3371);
#3367 = LINE('',#3368,#3369);
#3368 = CARTESIAN_POINT('',(0.,2.5));
#3369 = VECTOR('',#3370,1.);
#3370 = DIRECTION('',(1.,0.));
#3371 = ( GEOMETRIC_REPRESENTATION_CONTEXT(2)
PARAMETRIC_REPRESENTATION_CONTEXT() REPRESENTATION_CONTEXT('2D SPACE',''
  ) );
#3372 = PCURVE('',#1550,#3373);
#3373 = DEFINITIONAL_REPRESENTATION('',(#3374),#3378);
#3374 = LINE('',#3375,#3376);
#3375 = CARTESIAN_POINT('',(-1.570796326795,0.));
#3376 = VECTOR('',#3377,1.);
#3377 = DIRECTION('',(-0.,1.));
#3378 = ( GEOMETRIC_REPRESENTATION_CONTEXT(2)
PARAMETRIC_REPRESENTATION_CONTEXT() REPRESENTATION_CONTEXT('2D SPACE',''
  ) );
#3379 = ORIENTED_EDGE('',*,*,#3380,.F.);
#3380 = EDGE_CURVE('',#3381,#3358,#3383,.T.);
#3381 = VERTEX_POINT('',#3382);
#3382 = CARTESIAN_POINT('',(-23.5,27.663054337033,-52.68084863266));
#3383 = SURFACE_CURVE('',#3384,(#3388,#3394),.PCURVE_S1.);
#3384 = LINE('',#3385,#3386);
#3385 = CARTESIAN_POINT('',(-30.75,27.663054337033,-52.68084863266));
#3386 = VECTOR('',#3387,1.);
#3387 = DIRECTION('',(-1.,0.,0.));
#3388 = PCURVE('',#2117,#3389);
#3389 = DEFINITIONAL_REPRESENTATION('',(#3390),#3393);
#3390 = B_SPLINE_CURVE_WITH_KNOTS('',1,(#3391,#3392),.UNSPECIFIED.,.F.,
  .F.,(2,2),(-7.25,-2.25),.PIECEWISE_BEZIER_KNOTS.);
#3391 = CARTESIAN_POINT('',(1.887978567327,7.5));
#3392 = CARTESIAN_POINT('',(1.887978567327,2.5));
#3393 = ( GEOMETRIC_REPRESENTATION_CONTEXT(2)
PARAMETRIC_REPRESENTATION_CONTEXT() REPRESENTATION_CONTEXT('2D SPACE',''
  ) );
#3394 = PCURVE('',#1577,#3395);
#3395 = DEFINITIONAL_REPRESENTATION('',(#3396),#3399);
#3396 = B_SPLINE_CURVE_WITH_KNOTS('',1,(#3397,#3398),.UNSPECIFIED.,.F.,
  .F.,(2,2),(-7.25,-2.25),.PIECEWISE_BEZIER_KNOTS.);
#3397 = CARTESIAN_POINT('',(6.720957968377,7.));
#3398 = CARTESIAN_POINT('',(6.720957968377,2.));
#3399 = ( GEOMETRIC_REPRESENTATION_CONTEXT(2)
PARAMETRIC_REPRESENTATION_CONTEXT() REPRESENTATION_CONTEXT('2D SPACE',''
  ) );
#3400 = ORIENTED_EDGE('',*,*,#3401,.F.);
#3401 = EDGE_CURVE('',#3402,#3381,#3404,.T.);
#3402 = VERTEX_POINT('',#3403);
#3403 = CARTESIAN_POINT('',(-23.5,27.619704661901,-51.60727913551));
#3404 = SURFACE_CURVE('',#3405,(#3409,#3415),.PCURVE_S1.);
#3405 = LINE('',#3406,#3407);
#3406 = CARTESIAN_POINT('',(-23.5,26.428531931022,-22.10747998323));
#3407 = VECTOR('',#3408,1.);
#3408 = DIRECTION('',(0.,4.034613348181E-02,-0.999185763266));
#3409 = PCURVE('',#2117,#3410);
#3410 = DEFINITIONAL_REPRESENTATION('',(#3411),#3414);
#3411 = B_SPLINE_CURVE_WITH_KNOTS('',1,(#3412,#3413),.UNSPECIFIED.,.F.,
  .F.,(2,2),(29.523838546162,30.598282895369),.PIECEWISE_BEZIER_KNOTS.);
#3412 = CARTESIAN_POINT('',(2.962422916535,7.5));
#3413 = CARTESIAN_POINT('',(1.887978567327,7.5));
#3414 = ( GEOMETRIC_REPRESENTATION_CONTEXT(2)
PARAMETRIC_REPRESENTATION_CONTEXT() REPRESENTATION_CONTEXT('2D SPACE',''
  ) );
#3415 = PCURVE('',#3416,#3421);
#3416 = PLANE('',#3417);
#3417 = AXIS2_PLACEMENT_3D('',#3418,#3419,#3420);
#3418 = CARTESIAN_POINT('',(-23.5,1.211833105262,9.387029168943));
#3419 = DIRECTION('',(1.,0.,0.));
#3420 = DIRECTION('',(0.,0.954422612758,0.298458500056));
#3421 = DEFINITIONAL_REPRESENTATION('',(#3422),#3425);
#3422 = B_SPLINE_CURVE_WITH_KNOTS('',1,(#3423,#3424),.UNSPECIFIED.,.F.,
  .F.,(2,2),(29.523838546162,30.598282895369),.PIECEWISE_BEZIER_KNOTS.);
#3423 = CARTESIAN_POINT('',(7.,-66.09600082979));
#3424 = CARTESIAN_POINT('',(6.720957968377,-67.13357791325));
#3425 = ( GEOMETRIC_REPRESENTATION_CONTEXT(2)
PARAMETRIC_REPRESENTATION_CONTEXT() REPRESENTATION_CONTEXT('2D SPACE',''
  ) );
#3426 = ORIENTED_EDGE('',*,*,#3427,.F.);
#3427 = EDGE_CURVE('',#3304,#3402,#3428,.T.);
#3428 = SURFACE_CURVE('',#3429,(#3433,#3439),.PCURVE_S1.);
#3429 = LINE('',#3430,#3431);
#3430 = CARTESIAN_POINT('',(-30.75,27.619704661901,-51.60727913551));
#3431 = VECTOR('',#3432,1.);
#3432 = DIRECTION('',(1.,0.,0.));
#3433 = PCURVE('',#2117,#3434);
#3434 = DEFINITIONAL_REPRESENTATION('',(#3435),#3438);
#3435 = B_SPLINE_CURVE_WITH_KNOTS('',1,(#3436,#3437),.UNSPECIFIED.,.F.,
  .F.,(2,2),(2.25,7.25),.PIECEWISE_BEZIER_KNOTS.);
#3436 = CARTESIAN_POINT('',(2.962422916535,2.5));
#3437 = CARTESIAN_POINT('',(2.962422916535,7.5));
#3438 = ( GEOMETRIC_REPRESENTATION_CONTEXT(2)
PARAMETRIC_REPRESENTATION_CONTEXT() REPRESENTATION_CONTEXT('2D SPACE',''
  ) );
#3439 = PCURVE('',#1341,#3440);
#3440 = DEFINITIONAL_REPRESENTATION('',(#3441),#3444);
#3441 = B_SPLINE_CURVE_WITH_KNOTS('',1,(#3442,#3443),.UNSPECIFIED.,.F.,
  .F.,(2,2),(2.25,7.25),.PIECEWISE_BEZIER_KNOTS.);
#3442 = CARTESIAN_POINT('',(2.,66.096000829791));
#3443 = CARTESIAN_POINT('',(7.,66.096000829791));
#3444 = ( GEOMETRIC_REPRESENTATION_CONTEXT(2)
PARAMETRIC_REPRESENTATION_CONTEXT() REPRESENTATION_CONTEXT('2D SPACE',''
  ) );
#3445 = ORIENTED_EDGE('',*,*,#3331,.T.);
#3446 = ORIENTED_EDGE('',*,*,#2101,.T.);
#3447 = ORIENTED_EDGE('',*,*,#3448,.F.);
#3448 = EDGE_CURVE('',#2904,#2074,#3449,.T.);
#3449 = SURFACE_CURVE('',#3450,(#3454,#3461),.PCURVE_S1.);
#3450 = LINE('',#3451,#3452);
#3451 = CARTESIAN_POINT('',(-19.5,27.739226972321,-54.56728993849));
#3452 = VECTOR('',#3453,1.);
#3453 = DIRECTION('',(0.,-4.034613348181E-02,0.999185763266));
#3454 = PCURVE('',#2117,#3455);
#3455 = DEFINITIONAL_REPRESENTATION('',(#3456),#3460);
#3456 = LINE('',#3457,#3458);
#3457 = CARTESIAN_POINT('',(0.,11.5));
#3458 = VECTOR('',#3459,1.);
#3459 = DIRECTION('',(1.,0.));
#3460 = ( GEOMETRIC_REPRESENTATION_CONTEXT(2)
PARAMETRIC_REPRESENTATION_CONTEXT() REPRESENTATION_CONTEXT('2D SPACE',''
  ) );
#3461 = PCURVE('',#2089,#3462);
#3462 = DEFINITIONAL_REPRESENTATION('',(#3463),#3467);
#3463 = LINE('',#3464,#3465);
#3464 = CARTESIAN_POINT('',(2.609024107869E-15,-10.5));
#3465 = VECTOR('',#3466,1.);
#3466 = DIRECTION('',(1.,0.));
#3467 = ( GEOMETRIC_REPRESENTATION_CONTEXT(2)
PARAMETRIC_REPRESENTATION_CONTEXT() REPRESENTATION_CONTEXT('2D SPACE',''
  ) );
#3468 = ADVANCED_FACE('',(#3469),#3416,.T.);
#3469 = FACE_BOUND('',#3470,.T.);
#3470 = EDGE_LOOP('',(#3471,#3494,#3495));
#3471 = ORIENTED_EDGE('',*,*,#3472,.F.);
#3472 = EDGE_CURVE('',#3402,#3473,#3475,.T.);
#3473 = VERTEX_POINT('',#3474);
#3474 = CARTESIAN_POINT('',(-23.5,27.929378361924,-52.59756616645));
#3475 = SURFACE_CURVE('',#3476,(#3480,#3487),.PCURVE_S1.);
#3476 = LINE('',#3477,#3478);
#3477 = CARTESIAN_POINT('',(-23.5,7.892791394571,11.476238669332));
#3478 = VECTOR('',#3479,1.);
#3479 = DIRECTION('',(0.,0.298458500056,-0.954422612758));
#3480 = PCURVE('',#3416,#3481);
#3481 = DEFINITIONAL_REPRESENTATION('',(#3482),#3486);
#3482 = LINE('',#3483,#3484);
#3483 = CARTESIAN_POINT('',(7.,-2.22044604925E-16));
#3484 = VECTOR('',#3485,1.);
#3485 = DIRECTION('',(0.,-1.));
#3486 = ( GEOMETRIC_REPRESENTATION_CONTEXT(2)
PARAMETRIC_REPRESENTATION_CONTEXT() REPRESENTATION_CONTEXT('2D SPACE',''
  ) );
#3487 = PCURVE('',#1341,#3488);
#3488 = DEFINITIONAL_REPRESENTATION('',(#3489),#3493);
#3489 = LINE('',#3490,#3491);
#3490 = CARTESIAN_POINT('',(7.,0.));
#3491 = VECTOR('',#3492,1.);
#3492 = DIRECTION('',(0.,1.));
#3493 = ( GEOMETRIC_REPRESENTATION_CONTEXT(2)
PARAMETRIC_REPRESENTATION_CONTEXT() REPRESENTATION_CONTEXT('2D SPACE',''
  ) );
#3494 = ORIENTED_EDGE('',*,*,#3401,.T.);
#3495 = ORIENTED_EDGE('',*,*,#3496,.T.);
#3496 = EDGE_CURVE('',#3381,#3473,#3497,.T.);
#3497 = SURFACE_CURVE('',#3498,(#3502,#3509),.PCURVE_S1.);
#3498 = LINE('',#3499,#3500);
#3499 = CARTESIAN_POINT('',(-23.5,21.248420072615,-54.68677566684));
#3500 = VECTOR('',#3501,1.);
#3501 = DIRECTION('',(0.,0.954422612758,0.298458500056));
#3502 = PCURVE('',#3416,#3503);
#3503 = DEFINITIONAL_REPRESENTATION('',(#3504),#3508);
#3504 = LINE('',#3505,#3506);
#3505 = CARTESIAN_POINT('',(-7.105427357601E-15,-67.13357791325));
#3506 = VECTOR('',#3507,1.);
#3507 = DIRECTION('',(1.,0.));
#3508 = ( GEOMETRIC_REPRESENTATION_CONTEXT(2)
PARAMETRIC_REPRESENTATION_CONTEXT() REPRESENTATION_CONTEXT('2D SPACE',''
  ) );
#3509 = PCURVE('',#1577,#3510);
#3510 = DEFINITIONAL_REPRESENTATION('',(#3511),#3515);
#3511 = LINE('',#3512,#3513);
#3512 = CARTESIAN_POINT('',(0.,7.));
#3513 = VECTOR('',#3514,1.);
#3514 = DIRECTION('',(1.,0.));
#3515 = ( GEOMETRIC_REPRESENTATION_CONTEXT(2)
PARAMETRIC_REPRESENTATION_CONTEXT() REPRESENTATION_CONTEXT('2D SPACE',''
  ) );
#3516 = ADVANCED_FACE('',(#3517),#2089,.F.);
#3517 = FACE_BOUND('',#3518,.F.);
#3518 = EDGE_LOOP('',(#3519,#3520,#3521,#3522));
#3519 = ORIENTED_EDGE('',*,*,#2073,.F.);
#3520 = ORIENTED_EDGE('',*,*,#3448,.F.);
#3521 = ORIENTED_EDGE('',*,*,#2903,.T.);
#3522 = ORIENTED_EDGE('',*,*,#3523,.T.);
#3523 = EDGE_CURVE('',#2876,#2041,#3524,.T.);
#3524 = SURFACE_CURVE('',#3525,(#3529,#3536),.PCURVE_S1.);
#3525 = LINE('',#3526,#3527);
#3526 = CARTESIAN_POINT('',(-19.5,28.238819853954,-54.54711687175));
#3527 = VECTOR('',#3528,1.);
#3528 = DIRECTION('',(0.,-4.034613348181E-02,0.999185763266));
#3529 = PCURVE('',#2089,#3530);
#3530 = DEFINITIONAL_REPRESENTATION('',(#3531),#3535);
#3531 = LINE('',#3532,#3533);
#3532 = CARTESIAN_POINT('',(-1.054711873394E-15,-11.));
#3533 = VECTOR('',#3534,1.);
#3534 = DIRECTION('',(1.,0.));
#3535 = ( GEOMETRIC_REPRESENTATION_CONTEXT(2)
PARAMETRIC_REPRESENTATION_CONTEXT() REPRESENTATION_CONTEXT('2D SPACE',''
  ) );
#3536 = PCURVE('',#2061,#3537);
#3537 = DEFINITIONAL_REPRESENTATION('',(#3538),#3542);
#3538 = LINE('',#3539,#3540);
#3539 = CARTESIAN_POINT('',(-0.,0.));
#3540 = VECTOR('',#3541,1.);
#3541 = DIRECTION('',(-0.,1.));
#3542 = ( GEOMETRIC_REPRESENTATION_CONTEXT(2)
PARAMETRIC_REPRESENTATION_CONTEXT() REPRESENTATION_CONTEXT('2D SPACE',''
  ) );
#3543 = ADVANCED_FACE('',(#3544),#2061,.T.);
#3544 = FACE_BOUND('',#3545,.F.);
#3545 = EDGE_LOOP('',(#3546,#3547,#3568,#3569));
#3546 = ORIENTED_EDGE('',*,*,#2875,.T.);
#3547 = ORIENTED_EDGE('',*,*,#3548,.T.);
#3548 = EDGE_CURVE('',#2853,#2013,#3549,.T.);
#3549 = SURFACE_CURVE('',#3550,(#3554,#3561),.PCURVE_S1.);
#3550 = LINE('',#3551,#3552);
#3551 = CARTESIAN_POINT('',(-16.5,31.236377143752,-54.4260784713));
#3552 = VECTOR('',#3553,1.);
#3553 = DIRECTION('',(0.,-4.034613348181E-02,0.999185763266));
#3554 = PCURVE('',#2061,#3555);
#3555 = DEFINITIONAL_REPRESENTATION('',(#3556),#3560);
#3556 = LINE('',#3557,#3558);
#3557 = CARTESIAN_POINT('',(-1.570796326795,0.));
#3558 = VECTOR('',#3559,1.);
#3559 = DIRECTION('',(-0.,1.));
#3560 = ( GEOMETRIC_REPRESENTATION_CONTEXT(2)
PARAMETRIC_REPRESENTATION_CONTEXT() REPRESENTATION_CONTEXT('2D SPACE',''
  ) );
#3561 = PCURVE('',#2028,#3562);
#3562 = DEFINITIONAL_REPRESENTATION('',(#3563),#3567);
#3563 = LINE('',#3564,#3565);
#3564 = CARTESIAN_POINT('',(0.,3.));
#3565 = VECTOR('',#3566,1.);
#3566 = DIRECTION('',(1.,0.));
#3567 = ( GEOMETRIC_REPRESENTATION_CONTEXT(2)
PARAMETRIC_REPRESENTATION_CONTEXT() REPRESENTATION_CONTEXT('2D SPACE',''
  ) );
#3568 = ORIENTED_EDGE('',*,*,#2040,.F.);
#3569 = ORIENTED_EDGE('',*,*,#3523,.F.);
#3570 = ADVANCED_FACE('',(#3571),#2028,.T.);
#3571 = FACE_BOUND('',#3572,.T.);
#3572 = EDGE_LOOP('',(#3573,#3574,#3575,#3576));
#3573 = ORIENTED_EDGE('',*,*,#2852,.F.);
#3574 = ORIENTED_EDGE('',*,*,#3548,.T.);
#3575 = ORIENTED_EDGE('',*,*,#2012,.T.);
#3576 = ORIENTED_EDGE('',*,*,#3577,.F.);
#3577 = EDGE_CURVE('',#2829,#1984,#3578,.T.);
#3578 = SURFACE_CURVE('',#3579,(#3583,#3590),.PCURVE_S1.);
#3579 = LINE('',#3580,#3581);
#3580 = CARTESIAN_POINT('',(63.5,31.236377143752,-54.4260784713));
#3581 = VECTOR('',#3582,1.);
#3582 = DIRECTION('',(0.,-4.034613348181E-02,0.999185763266));
#3583 = PCURVE('',#2028,#3584);
#3584 = DEFINITIONAL_REPRESENTATION('',(#3585),#3589);
#3585 = LINE('',#3586,#3587);
#3586 = CARTESIAN_POINT('',(0.,83.));
#3587 = VECTOR('',#3588,1.);
#3588 = DIRECTION('',(1.,0.));
#3589 = ( GEOMETRIC_REPRESENTATION_CONTEXT(2)
PARAMETRIC_REPRESENTATION_CONTEXT() REPRESENTATION_CONTEXT('2D SPACE',''
  ) );
#3590 = PCURVE('',#2000,#3591);
#3591 = DEFINITIONAL_REPRESENTATION('',(#3592),#3596);
#3592 = LINE('',#3593,#3594);
#3593 = CARTESIAN_POINT('',(1.570796326795,0.));
#3594 = VECTOR('',#3595,1.);
#3595 = DIRECTION('',(0.,1.));
#3596 = ( GEOMETRIC_REPRESENTATION_CONTEXT(2)
PARAMETRIC_REPRESENTATION_CONTEXT() REPRESENTATION_CONTEXT('2D SPACE',''
  ) );
#3597 = ADVANCED_FACE('',(#3598),#2000,.T.);
#3598 = FACE_BOUND('',#3599,.T.);
#3599 = EDGE_LOOP('',(#3600,#3601,#3602,#3603));
#3600 = ORIENTED_EDGE('',*,*,#2828,.T.);
#3601 = ORIENTED_EDGE('',*,*,#3577,.T.);
#3602 = ORIENTED_EDGE('',*,*,#1983,.F.);
#3603 = ORIENTED_EDGE('',*,*,#3604,.F.);
#3604 = EDGE_CURVE('',#2806,#1956,#3605,.T.);
#3605 = SURFACE_CURVE('',#3606,(#3610,#3617),.PCURVE_S1.);
#3606 = LINE('',#3607,#3608);
#3607 = CARTESIAN_POINT('',(66.5,28.238819853954,-54.54711687175));
#3608 = VECTOR('',#3609,1.);
#3609 = DIRECTION('',(0.,-4.034613348181E-02,0.999185763266));
#3610 = PCURVE('',#2000,#3611);
#3611 = DEFINITIONAL_REPRESENTATION('',(#3612),#3616);
#3612 = LINE('',#3613,#3614);
#3613 = CARTESIAN_POINT('',(0.,0.));
#3614 = VECTOR('',#3615,1.);
#3615 = DIRECTION('',(0.,1.));
#3616 = ( GEOMETRIC_REPRESENTATION_CONTEXT(2)
PARAMETRIC_REPRESENTATION_CONTEXT() REPRESENTATION_CONTEXT('2D SPACE',''
  ) );
#3617 = PCURVE('',#1971,#3618);
#3618 = DEFINITIONAL_REPRESENTATION('',(#3619),#3623);
#3619 = LINE('',#3620,#3621);
#3620 = CARTESIAN_POINT('',(-1.054711873394E-15,-11.));
#3621 = VECTOR('',#3622,1.);
#3622 = DIRECTION('',(1.,0.));
#3623 = ( GEOMETRIC_REPRESENTATION_CONTEXT(2)
PARAMETRIC_REPRESENTATION_CONTEXT() REPRESENTATION_CONTEXT('2D SPACE',''
  ) );
#3624 = ADVANCED_FACE('',(#3625),#1971,.T.);
#3625 = FACE_BOUND('',#3626,.T.);
#3626 = EDGE_LOOP('',(#3627,#3628,#3649,#3650));
#3627 = ORIENTED_EDGE('',*,*,#1955,.F.);
#3628 = ORIENTED_EDGE('',*,*,#3629,.F.);
#3629 = EDGE_CURVE('',#2778,#1923,#3630,.T.);
#3630 = SURFACE_CURVE('',#3631,(#3635,#3642),.PCURVE_S1.);
#3631 = LINE('',#3632,#3633);
#3632 = CARTESIAN_POINT('',(66.5,20.245333747828,-54.8698859396));
#3633 = VECTOR('',#3634,1.);
#3634 = DIRECTION('',(0.,-4.034613348181E-02,0.999185763266));
#3635 = PCURVE('',#1971,#3636);
#3636 = DEFINITIONAL_REPRESENTATION('',(#3637),#3641);
#3637 = LINE('',#3638,#3639);
#3638 = CARTESIAN_POINT('',(-3.191891195797E-16,-3.));
#3639 = VECTOR('',#3640,1.);
#3640 = DIRECTION('',(1.,0.));
#3641 = ( GEOMETRIC_REPRESENTATION_CONTEXT(2)
PARAMETRIC_REPRESENTATION_CONTEXT() REPRESENTATION_CONTEXT('2D SPACE',''
  ) );
#3642 = PCURVE('',#1943,#3643);
#3643 = DEFINITIONAL_REPRESENTATION('',(#3644),#3648);
#3644 = LINE('',#3645,#3646);
#3645 = CARTESIAN_POINT('',(-0.,0.));
#3646 = VECTOR('',#3647,1.);
#3647 = DIRECTION('',(-0.,1.));
#3648 = ( GEOMETRIC_REPRESENTATION_CONTEXT(2)
PARAMETRIC_REPRESENTATION_CONTEXT() REPRESENTATION_CONTEXT('2D SPACE',''
  ) );
#3649 = ORIENTED_EDGE('',*,*,#2805,.T.);
#3650 = ORIENTED_EDGE('',*,*,#3604,.T.);
#3651 = ADVANCED_FACE('',(#3652),#1943,.T.);
#3652 = FACE_BOUND('',#3653,.F.);
#3653 = EDGE_LOOP('',(#3654,#3655,#3676,#3677));
#3654 = ORIENTED_EDGE('',*,*,#2777,.T.);
#3655 = ORIENTED_EDGE('',*,*,#3656,.T.);
#3656 = EDGE_CURVE('',#2755,#1895,#3657,.T.);
#3657 = SURFACE_CURVE('',#3658,(#3662,#3669),.PCURVE_S1.);
#3658 = LINE('',#3659,#3660);
#3659 = CARTESIAN_POINT('',(63.5,17.24777645803,-54.99092434005));
#3660 = VECTOR('',#3661,1.);
#3661 = DIRECTION('',(0.,-4.034613348181E-02,0.999185763266));
#3662 = PCURVE('',#1943,#3663);
#3663 = DEFINITIONAL_REPRESENTATION('',(#3664),#3668);
#3664 = LINE('',#3665,#3666);
#3665 = CARTESIAN_POINT('',(-1.570796326795,0.));
#3666 = VECTOR('',#3667,1.);
#3667 = DIRECTION('',(-0.,1.));
#3668 = ( GEOMETRIC_REPRESENTATION_CONTEXT(2)
PARAMETRIC_REPRESENTATION_CONTEXT() REPRESENTATION_CONTEXT('2D SPACE',''
  ) );
#3669 = PCURVE('',#1910,#3670);
#3670 = DEFINITIONAL_REPRESENTATION('',(#3671),#3675);
#3671 = LINE('',#3672,#3673);
#3672 = CARTESIAN_POINT('',(0.,83.));
#3673 = VECTOR('',#3674,1.);
#3674 = DIRECTION('',(1.,0.));
#3675 = ( GEOMETRIC_REPRESENTATION_CONTEXT(2)
PARAMETRIC_REPRESENTATION_CONTEXT() REPRESENTATION_CONTEXT('2D SPACE',''
  ) );
#3676 = ORIENTED_EDGE('',*,*,#1922,.F.);
#3677 = ORIENTED_EDGE('',*,*,#3629,.F.);
#3678 = ADVANCED_FACE('',(#3679),#1910,.F.);
#3679 = FACE_BOUND('',#3680,.F.);
#3680 = EDGE_LOOP('',(#3681,#3682,#3703,#3704));
#3681 = ORIENTED_EDGE('',*,*,#2754,.F.);
#3682 = ORIENTED_EDGE('',*,*,#3683,.T.);
#3683 = EDGE_CURVE('',#2731,#1866,#3684,.T.);
#3684 = SURFACE_CURVE('',#3685,(#3689,#3696),.PCURVE_S1.);
#3685 = LINE('',#3686,#3687);
#3686 = CARTESIAN_POINT('',(-16.5,17.24777645803,-54.99092434005));
#3687 = VECTOR('',#3688,1.);
#3688 = DIRECTION('',(0.,-4.034613348181E-02,0.999185763266));
#3689 = PCURVE('',#1910,#3690);
#3690 = DEFINITIONAL_REPRESENTATION('',(#3691),#3695);
#3691 = LINE('',#3692,#3693);
#3692 = CARTESIAN_POINT('',(0.,3.));
#3693 = VECTOR('',#3694,1.);
#3694 = DIRECTION('',(1.,0.));
#3695 = ( GEOMETRIC_REPRESENTATION_CONTEXT(2)
PARAMETRIC_REPRESENTATION_CONTEXT() REPRESENTATION_CONTEXT('2D SPACE',''
  ) );
#3696 = PCURVE('',#1882,#3697);
#3697 = DEFINITIONAL_REPRESENTATION('',(#3698),#3702);
#3698 = LINE('',#3699,#3700);
#3699 = CARTESIAN_POINT('',(1.570796326795,0.));
#3700 = VECTOR('',#3701,1.);
#3701 = DIRECTION('',(0.,1.));
#3702 = ( GEOMETRIC_REPRESENTATION_CONTEXT(2)
PARAMETRIC_REPRESENTATION_CONTEXT() REPRESENTATION_CONTEXT('2D SPACE',''
  ) );
#3703 = ORIENTED_EDGE('',*,*,#1894,.T.);
#3704 = ORIENTED_EDGE('',*,*,#3656,.F.);
#3705 = ADVANCED_FACE('',(#3706),#1882,.T.);
#3706 = FACE_BOUND('',#3707,.T.);
#3707 = EDGE_LOOP('',(#3708,#3709,#3710,#3711));
#3708 = ORIENTED_EDGE('',*,*,#2730,.T.);
#3709 = ORIENTED_EDGE('',*,*,#3683,.T.);
#3710 = ORIENTED_EDGE('',*,*,#1865,.F.);
#3711 = ORIENTED_EDGE('',*,*,#3712,.F.);
#3712 = EDGE_CURVE('',#2706,#1836,#3713,.T.);
#3713 = SURFACE_CURVE('',#3714,(#3718,#3725),.PCURVE_S1.);
#3714 = LINE('',#3715,#3716);
#3715 = CARTESIAN_POINT('',(-19.5,20.245333747828,-54.8698859396));
#3716 = VECTOR('',#3717,1.);
#3717 = DIRECTION('',(0.,-4.034613348181E-02,0.999185763266));
#3718 = PCURVE('',#1882,#3719);
#3719 = DEFINITIONAL_REPRESENTATION('',(#3720),#3724);
#3720 = LINE('',#3721,#3722);
#3721 = CARTESIAN_POINT('',(0.,0.));
#3722 = VECTOR('',#3723,1.);
#3723 = DIRECTION('',(0.,1.));
#3724 = ( GEOMETRIC_REPRESENTATION_CONTEXT(2)
PARAMETRIC_REPRESENTATION_CONTEXT() REPRESENTATION_CONTEXT('2D SPACE',''
  ) );
#3725 = PCURVE('',#1853,#3726);
#3726 = DEFINITIONAL_REPRESENTATION('',(#3727),#3731);
#3727 = LINE('',#3728,#3729);
#3728 = CARTESIAN_POINT('',(-3.191891195797E-16,-3.));
#3729 = VECTOR('',#3730,1.);
#3730 = DIRECTION('',(1.,0.));
#3731 = ( GEOMETRIC_REPRESENTATION_CONTEXT(2)
PARAMETRIC_REPRESENTATION_CONTEXT() REPRESENTATION_CONTEXT('2D SPACE',''
  ) );
#3732 = ADVANCED_FACE('',(#3733),#1853,.F.);
#3733 = FACE_BOUND('',#3734,.F.);
#3734 = EDGE_LOOP('',(#3735,#3736,#3737,#3738));
#3735 = ORIENTED_EDGE('',*,*,#1835,.F.);
#3736 = ORIENTED_EDGE('',*,*,#3712,.F.);
#3737 = ORIENTED_EDGE('',*,*,#2705,.T.);
#3738 = ORIENTED_EDGE('',*,*,#3739,.T.);
#3739 = EDGE_CURVE('',#2708,#1838,#3740,.T.);
#3740 = SURFACE_CURVE('',#3741,(#3745,#3752),.PCURVE_S1.);
#3741 = LINE('',#3742,#3743);
#3742 = CARTESIAN_POINT('',(-19.5,20.744926629461,-54.84971287286));
#3743 = VECTOR('',#3744,1.);
#3744 = DIRECTION('',(0.,-4.034613348181E-02,0.999185763266));
#3745 = PCURVE('',#1853,#3746);
#3746 = DEFINITIONAL_REPRESENTATION('',(#3747),#3751);
#3747 = LINE('',#3748,#3749);
#3748 = CARTESIAN_POINT('',(3.275157922644E-15,-3.5));
#3749 = VECTOR('',#3750,1.);
#3750 = DIRECTION('',(1.,0.));
#3751 = ( GEOMETRIC_REPRESENTATION_CONTEXT(2)
PARAMETRIC_REPRESENTATION_CONTEXT() REPRESENTATION_CONTEXT('2D SPACE',''
  ) );
#3752 = PCURVE('',#1679,#3753);
#3753 = DEFINITIONAL_REPRESENTATION('',(#3754),#3758);
#3754 = LINE('',#3755,#3756);
#3755 = CARTESIAN_POINT('',(0.,11.5));
#3756 = VECTOR('',#3757,1.);
#3757 = DIRECTION('',(1.,0.));
#3758 = ( GEOMETRIC_REPRESENTATION_CONTEXT(2)
PARAMETRIC_REPRESENTATION_CONTEXT() REPRESENTATION_CONTEXT('2D SPACE',''
  ) );
#3759 = ADVANCED_FACE('',(#3760),#1679,.F.);
#3760 = FACE_BOUND('',#3761,.F.);
#3761 = EDGE_LOOP('',(#3762,#3763,#3784,#3785,#3786,#3787));
#3762 = ORIENTED_EDGE('',*,*,#3029,.F.);
#3763 = ORIENTED_EDGE('',*,*,#3764,.T.);
#3764 = EDGE_CURVE('',#3006,#1665,#3765,.T.);
#3765 = SURFACE_CURVE('',#3766,(#3770,#3777),.PCURVE_S1.);
#3766 = LINE('',#3767,#3768);
#3767 = CARTESIAN_POINT('',(-28.5,20.744926629461,-54.84971287286));
#3768 = VECTOR('',#3769,1.);
#3769 = DIRECTION('',(0.,-4.034613348181E-02,0.999185763266));
#3770 = PCURVE('',#1679,#3771);
#3771 = DEFINITIONAL_REPRESENTATION('',(#3772),#3776);
#3772 = LINE('',#3773,#3774);
#3773 = CARTESIAN_POINT('',(0.,2.5));
#3774 = VECTOR('',#3775,1.);
#3775 = DIRECTION('',(1.,0.));
#3776 = ( GEOMETRIC_REPRESENTATION_CONTEXT(2)
PARAMETRIC_REPRESENTATION_CONTEXT() REPRESENTATION_CONTEXT('2D SPACE',''
  ) );
#3777 = PCURVE('',#1498,#3778);
#3778 = DEFINITIONAL_REPRESENTATION('',(#3779),#3783);
#3779 = LINE('',#3780,#3781);
#3780 = CARTESIAN_POINT('',(1.570796326795,0.));
#3781 = VECTOR('',#3782,1.);
#3782 = DIRECTION('',(0.,1.));
#3783 = ( GEOMETRIC_REPRESENTATION_CONTEXT(2)
PARAMETRIC_REPRESENTATION_CONTEXT() REPRESENTATION_CONTEXT('2D SPACE',''
  ) );
#3784 = ORIENTED_EDGE('',*,*,#1664,.T.);
#3785 = ORIENTED_EDGE('',*,*,#1787,.F.);
#3786 = ORIENTED_EDGE('',*,*,#2182,.T.);
#3787 = ORIENTED_EDGE('',*,*,#3739,.F.);
#3788 = ADVANCED_FACE('',(#3789),#1471,.T.);
#3789 = FACE_BOUND('',#3790,.T.);
#3790 = EDGE_LOOP('',(#3791,#3792,#3793));
#3791 = ORIENTED_EDGE('',*,*,#1718,.F.);
#3792 = ORIENTED_EDGE('',*,*,#1455,.T.);
#3793 = ORIENTED_EDGE('',*,*,#3794,.F.);
#3794 = EDGE_CURVE('',#1691,#1456,#3795,.T.);
#3795 = SURFACE_CURVE('',#3796,(#3801,#3808),.PCURVE_S1.);
#3796 = ELLIPSE('',#3797,2.588830185078,2.5);
#3797 = AXIS2_PLACEMENT_3D('',#3798,#3799,#3800);
#3798 = CARTESIAN_POINT('',(-28.5,23.21554581242,-54.07163370575));
#3799 = DIRECTION('',(0.,0.298458500056,-0.954422612758));
#3800 = DIRECTION('',(0.,0.954422612758,0.298458500056));
#3801 = PCURVE('',#1471,#3802);
#3802 = DEFINITIONAL_REPRESENTATION('',(#3803),#3807);
#3803 = ELLIPSE('',#3804,2.588830185078,2.5);
#3804 = AXIS2_PLACEMENT_2D('',#3805,#3806);
#3805 = CARTESIAN_POINT('',(2.061063635237,2.));
#3806 = DIRECTION('',(1.,0.));
#3807 = ( GEOMETRIC_REPRESENTATION_CONTEXT(2)
PARAMETRIC_REPRESENTATION_CONTEXT() REPRESENTATION_CONTEXT('2D SPACE',''
  ) );
#3808 = PCURVE('',#1498,#3809);
#3809 = DEFINITIONAL_REPRESENTATION('',(#3810),#3819);
#3810 = B_SPLINE_CURVE_WITH_KNOTS('',7,(#3811,#3812,#3813,#3814,#3815,
    #3816,#3817,#3818),.UNSPECIFIED.,.F.,.F.,(8,8),(3.14159265359,
    4.712388980385),.PIECEWISE_BEZIER_KNOTS.);
#3811 = CARTESIAN_POINT('',(1.570796326795,5.425210579766E-03));
#3812 = CARTESIAN_POINT('',(1.346396851538,5.425210579766E-03));
#3813 = CARTESIAN_POINT('',(1.121997376282,4.492432158923E-02));
#3814 = CARTESIAN_POINT('',(0.897597901026,0.123916813616));
#3815 = CARTESIAN_POINT('',(0.673198425769,0.237552897032));
#3816 = CARTESIAN_POINT('',(0.448798950513,0.37602060391));
#3817 = CARTESIAN_POINT('',(0.224399475256,0.526892843205));
#3818 = CARTESIAN_POINT('',(1.42108547152E-15,0.677765695132));
#3819 = ( GEOMETRIC_REPRESENTATION_CONTEXT(2)
PARAMETRIC_REPRESENTATION_CONTEXT() REPRESENTATION_CONTEXT('2D SPACE',''
  ) );
#3820 = ADVANCED_FACE('',(#3821),#1498,.T.);
#3821 = FACE_BOUND('',#3822,.T.);
#3822 = EDGE_LOOP('',(#3823,#3824,#3825,#3826,#3827,#3828,#3829));
#3823 = ORIENTED_EDGE('',*,*,#3205,.F.);
#3824 = ORIENTED_EDGE('',*,*,#3005,.T.);
#3825 = ORIENTED_EDGE('',*,*,#3764,.T.);
#3826 = ORIENTED_EDGE('',*,*,#1690,.F.);
#3827 = ORIENTED_EDGE('',*,*,#3794,.T.);
#3828 = ORIENTED_EDGE('',*,*,#1483,.T.);
#3829 = ORIENTED_EDGE('',*,*,#3830,.F.);
#3830 = EDGE_CURVE('',#3181,#1484,#3831,.T.);
#3831 = SURFACE_CURVE('',#3832,(#3837,#3844),.PCURVE_S1.);
#3832 = CIRCLE('',#3833,2.5);
#3833 = AXIS2_PLACEMENT_3D('',#3834,#3835,#3836);
#3834 = CARTESIAN_POINT('',(-28.5,23.041160370216,-49.75291872283));
#3835 = DIRECTION('',(0.,-4.034613348181E-02,0.999185763266));
#3836 = DIRECTION('',(0.,-0.999185763266,-4.034613348181E-02));
#3837 = PCURVE('',#1498,#3838);
#3838 = DEFINITIONAL_REPRESENTATION('',(#3839),#3843);
#3839 = LINE('',#3840,#3841);
#3840 = CARTESIAN_POINT('',(-4.712388980385,5.));
#3841 = VECTOR('',#3842,1.);
#3842 = DIRECTION('',(1.,0.));
#3843 = ( GEOMETRIC_REPRESENTATION_CONTEXT(2)
PARAMETRIC_REPRESENTATION_CONTEXT() REPRESENTATION_CONTEXT('2D SPACE',''
  ) );
#3844 = PCURVE('',#1524,#3845);
#3845 = DEFINITIONAL_REPRESENTATION('',(#3846),#3850);
#3846 = CIRCLE('',#3847,2.5);
#3847 = AXIS2_PLACEMENT_2D('',#3848,#3849);
#3848 = CARTESIAN_POINT('',(-9.,6.));
#3849 = DIRECTION('',(0.,-1.));
#3850 = ( GEOMETRIC_REPRESENTATION_CONTEXT(2)
PARAMETRIC_REPRESENTATION_CONTEXT() REPRESENTATION_CONTEXT('2D SPACE',''
  ) );
#3851 = ADVANCED_FACE('',(#3852),#1524,.T.);
#3852 = FACE_BOUND('',#3853,.T.);
#3853 = EDGE_LOOP('',(#3854,#3855,#3856,#3882));
#3854 = ORIENTED_EDGE('',*,*,#3830,.T.);
#3855 = ORIENTED_EDGE('',*,*,#1509,.T.);
#3856 = ORIENTED_EDGE('',*,*,#3857,.F.);
#3857 = EDGE_CURVE('',#3183,#1510,#3858,.T.);
#3858 = SURFACE_CURVE('',#3859,(#3864,#3875),.PCURVE_S1.);
#3859 = CIRCLE('',#3860,2.5);
#3860 = AXIS2_PLACEMENT_3D('',#3861,#3862,#3863);
#3861 = CARTESIAN_POINT('',(-28.5,25.039531896748,-49.67222645586));
#3862 = DIRECTION('',(0.,4.034613348181E-02,-0.999185763266));
#3863 = DIRECTION('',(0.,-0.999185763266,-4.034613348181E-02));
#3864 = PCURVE('',#1524,#3865);
#3865 = DEFINITIONAL_REPRESENTATION('',(#3866),#3874);
#3866 = ( BOUNDED_CURVE() B_SPLINE_CURVE(2,(#3867,#3868,#3869,#3870,
#3871,#3872,#3873),.UNSPECIFIED.,.T.,.F.) B_SPLINE_CURVE_WITH_KNOTS((1,2
    ,2,2,2,1),(-2.094395102393,0.,2.094395102393,4.188790204786,
6.28318530718,8.377580409573),.UNSPECIFIED.) CURVE()
GEOMETRIC_REPRESENTATION_ITEM() RATIONAL_B_SPLINE_CURVE((1.,0.5,1.,0.5,
1.,0.5,1.)) REPRESENTATION_ITEM('') );
#3867 = CARTESIAN_POINT('',(-9.,5.5));
#3868 = CARTESIAN_POINT('',(-13.33012701892,5.5));
#3869 = CARTESIAN_POINT('',(-11.16506350946,9.25));
#3870 = CARTESIAN_POINT('',(-9.,13.));
#3871 = CARTESIAN_POINT('',(-6.834936490539,9.25));
#3872 = CARTESIAN_POINT('',(-4.669872981078,5.5));
#3873 = CARTESIAN_POINT('',(-9.,5.5));
#3874 = ( GEOMETRIC_REPRESENTATION_CONTEXT(2)
PARAMETRIC_REPRESENTATION_CONTEXT() REPRESENTATION_CONTEXT('2D SPACE',''
  ) );
#3875 = PCURVE('',#1550,#3876);
#3876 = DEFINITIONAL_REPRESENTATION('',(#3877),#3881);
#3877 = LINE('',#3878,#3879);
#3878 = CARTESIAN_POINT('',(1.570796326795,5.));
#3879 = VECTOR('',#3880,1.);
#3880 = DIRECTION('',(-1.,0.));
#3881 = ( GEOMETRIC_REPRESENTATION_CONTEXT(2)
PARAMETRIC_REPRESENTATION_CONTEXT() REPRESENTATION_CONTEXT('2D SPACE',''
  ) );
#3882 = ORIENTED_EDGE('',*,*,#3180,.F.);
#3883 = ADVANCED_FACE('',(#3884),#1550,.T.);
#3884 = FACE_BOUND('',#3885,.F.);
#3885 = EDGE_LOOP('',(#3886,#3887,#3888,#3889,#3916,#3917));
#3886 = ORIENTED_EDGE('',*,*,#3227,.F.);
#3887 = ORIENTED_EDGE('',*,*,#2949,.T.);
#3888 = ORIENTED_EDGE('',*,*,#3357,.T.);
#3889 = ORIENTED_EDGE('',*,*,#3890,.F.);
#3890 = EDGE_CURVE('',#1536,#3358,#3891,.T.);
#3891 = SURFACE_CURVE('',#3892,(#3897,#3909),.PCURVE_S1.);
#3892 = ELLIPSE('',#3893,2.588830185078,2.5);
#3893 = AXIS2_PLACEMENT_3D('',#3894,#3895,#3896);
#3894 = CARTESIAN_POINT('',(-28.5,25.192216267803,-53.4535070066));
#3895 = DIRECTION('',(0.,0.298458500056,-0.954422612758));
#3896 = DIRECTION('',(0.,0.954422612758,0.298458500056));
#3897 = PCURVE('',#1550,#3898);
#3898 = DEFINITIONAL_REPRESENTATION('',(#3899),#3908);
#3899 = B_SPLINE_CURVE_WITH_KNOTS('',7,(#3900,#3901,#3902,#3903,#3904,
    #3905,#3906,#3907),.UNSPECIFIED.,.F.,.F.,(8,8),(4.712388980385,
    6.28318530718),.PIECEWISE_BEZIER_KNOTS.);
#3900 = CARTESIAN_POINT('',(0.,1.215638082775));
#3901 = CARTESIAN_POINT('',(-0.224399475256,1.366510934702));
#3902 = CARTESIAN_POINT('',(-0.448798950513,1.517383173996));
#3903 = CARTESIAN_POINT('',(-0.673198425769,1.655850880875));
#3904 = CARTESIAN_POINT('',(-0.897597901025,1.76948696429));
#3905 = CARTESIAN_POINT('',(-1.121997376282,1.848479456318));
#3906 = CARTESIAN_POINT('',(-1.346396851538,1.887978567327));
#3907 = CARTESIAN_POINT('',(-1.570796326795,1.887978567327));
#3908 = ( GEOMETRIC_REPRESENTATION_CONTEXT(2)
PARAMETRIC_REPRESENTATION_CONTEXT() REPRESENTATION_CONTEXT('2D SPACE',''
  ) );
#3909 = PCURVE('',#1577,#3910);
#3910 = DEFINITIONAL_REPRESENTATION('',(#3911),#3915);
#3911 = ELLIPSE('',#3912,2.588830185078,2.5);
#3912 = AXIS2_PLACEMENT_2D('',#3913,#3914);
#3913 = CARTESIAN_POINT('',(4.132127783299,2.));
#3914 = DIRECTION('',(1.,0.));
#3915 = ( GEOMETRIC_REPRESENTATION_CONTEXT(2)
PARAMETRIC_REPRESENTATION_CONTEXT() REPRESENTATION_CONTEXT('2D SPACE',''
  ) );
#3916 = ORIENTED_EDGE('',*,*,#1535,.T.);
#3917 = ORIENTED_EDGE('',*,*,#3857,.F.);
#3918 = ADVANCED_FACE('',(#3919),#1577,.T.);
#3919 = FACE_BOUND('',#3920,.T.);
#3920 = EDGE_LOOP('',(#3921,#3922,#3923,#3944,#3945));
#3921 = ORIENTED_EDGE('',*,*,#3890,.F.);
#3922 = ORIENTED_EDGE('',*,*,#1561,.T.);
#3923 = ORIENTED_EDGE('',*,*,#3924,.T.);
#3924 = EDGE_CURVE('',#1562,#3473,#3925,.T.);
#3925 = SURFACE_CURVE('',#3926,(#3930,#3937),.PCURVE_S1.);
#3926 = LINE('',#3927,#3928);
#3927 = CARTESIAN_POINT('',(-30.5,27.929378361924,-52.59756616645));
#3928 = VECTOR('',#3929,1.);
#3929 = DIRECTION('',(1.,0.,0.));
#3930 = PCURVE('',#1577,#3931);
#3931 = DEFINITIONAL_REPRESENTATION('',(#3932),#3936);
#3932 = LINE('',#3933,#3934);
#3933 = CARTESIAN_POINT('',(7.,0.));
#3934 = VECTOR('',#3935,1.);
#3935 = DIRECTION('',(0.,1.));
#3936 = ( GEOMETRIC_REPRESENTATION_CONTEXT(2)
PARAMETRIC_REPRESENTATION_CONTEXT() REPRESENTATION_CONTEXT('2D SPACE',''
  ) );
#3937 = PCURVE('',#1341,#3938);
#3938 = DEFINITIONAL_REPRESENTATION('',(#3939),#3943);
#3939 = LINE('',#3940,#3941);
#3940 = CARTESIAN_POINT('',(0.,67.133577913256));
#3941 = VECTOR('',#3942,1.);
#3942 = DIRECTION('',(1.,0.));
#3943 = ( GEOMETRIC_REPRESENTATION_CONTEXT(2)
PARAMETRIC_REPRESENTATION_CONTEXT() REPRESENTATION_CONTEXT('2D SPACE',''
  ) );
#3944 = ORIENTED_EDGE('',*,*,#3496,.F.);
#3945 = ORIENTED_EDGE('',*,*,#3380,.T.);
#3946 = ADVANCED_FACE('',(#3947),#1341,.T.);
#3947 = FACE_BOUND('',#3948,.T.);
#3948 = EDGE_LOOP('',(#3949,#3950,#3951,#3970,#3971,#3972,#3973,#3974,
    #3975));
#3949 = ORIENTED_EDGE('',*,*,#1589,.F.);
#3950 = ORIENTED_EDGE('',*,*,#1319,.F.);
#3951 = ORIENTED_EDGE('',*,*,#3952,.F.);
#3952 = EDGE_CURVE('',#1743,#1320,#3953,.T.);
#3953 = SURFACE_CURVE('',#3954,(#3958,#3964),.PCURVE_S1.);
#3954 = LINE('',#3955,#3956);
#3955 = CARTESIAN_POINT('',(-30.75,9.605271754263,6.));
#3956 = VECTOR('',#3957,1.);
#3957 = DIRECTION('',(-1.,0.,0.));
#3958 = PCURVE('',#1341,#3959);
#3959 = DEFINITIONAL_REPRESENTATION('',(#3960),#3963);
#3960 = B_SPLINE_CURVE_WITH_KNOTS('',1,(#3961,#3962),.UNSPECIFIED.,.F.,
  .F.,(2,2),(-7.25,-0.25),.PIECEWISE_BEZIER_KNOTS.);
#3961 = CARTESIAN_POINT('',(7.,5.737750338401));
#3962 = CARTESIAN_POINT('',(0.,5.737750338401));
#3963 = ( GEOMETRIC_REPRESENTATION_CONTEXT(2)
PARAMETRIC_REPRESENTATION_CONTEXT() REPRESENTATION_CONTEXT('2D SPACE',''
  ) );
#3964 = PCURVE('',#154,#3965);
#3965 = DEFINITIONAL_REPRESENTATION('',(#3966),#3969);
#3966 = B_SPLINE_CURVE_WITH_KNOTS('',1,(#3967,#3968),.UNSPECIFIED.,.F.,
  .F.,(2,2),(-7.25,-0.25),.PIECEWISE_BEZIER_KNOTS.);
#3967 = CARTESIAN_POINT('',(7.5,9.605271754263));
#3968 = CARTESIAN_POINT('',(0.5,9.605271754263));
#3969 = ( GEOMETRIC_REPRESENTATION_CONTEXT(2)
PARAMETRIC_REPRESENTATION_CONTEXT() REPRESENTATION_CONTEXT('2D SPACE',''
  ) );
#3970 = ORIENTED_EDGE('',*,*,#1742,.T.);
#3971 = ORIENTED_EDGE('',*,*,#2162,.T.);
#3972 = ORIENTED_EDGE('',*,*,#3303,.F.);
#3973 = ORIENTED_EDGE('',*,*,#3427,.T.);
#3974 = ORIENTED_EDGE('',*,*,#3472,.T.);
#3975 = ORIENTED_EDGE('',*,*,#3924,.F.);
#3976 = ADVANCED_FACE('',(#3977),#1075,.F.);
#3977 = FACE_BOUND('',#3978,.F.);
#3978 = EDGE_LOOP('',(#3979,#3980,#4003,#4024));
#3979 = ORIENTED_EDGE('',*,*,#1057,.F.);
#3980 = ORIENTED_EDGE('',*,*,#3981,.F.);
#3981 = EDGE_CURVE('',#3982,#1058,#3984,.T.);
#3982 = VERTEX_POINT('',#3983);
#3983 = CARTESIAN_POINT('',(-31.,3.,6.));
#3984 = SURFACE_CURVE('',#3985,(#3989,#3996),.PCURVE_S1.);
#3985 = LINE('',#3986,#3987);
#3986 = CARTESIAN_POINT('',(-31.,3.,6.));
#3987 = VECTOR('',#3988,1.);
#3988 = DIRECTION('',(0.,0.,1.));
#3989 = PCURVE('',#1075,#3990);
#3990 = DEFINITIONAL_REPRESENTATION('',(#3991),#3995);
#3991 = LINE('',#3992,#3993);
#3992 = CARTESIAN_POINT('',(0.,-3.));
#3993 = VECTOR('',#3994,1.);
#3994 = DIRECTION('',(1.,0.));
#3995 = ( GEOMETRIC_REPRESENTATION_CONTEXT(2)
PARAMETRIC_REPRESENTATION_CONTEXT() REPRESENTATION_CONTEXT('2D SPACE',''
  ) );
#3996 = PCURVE('',#971,#3997);
#3997 = DEFINITIONAL_REPRESENTATION('',(#3998),#4002);
#3998 = LINE('',#3999,#4000);
#3999 = CARTESIAN_POINT('',(0.,0.));
#4000 = VECTOR('',#4001,1.);
#4001 = DIRECTION('',(0.,1.));
#4002 = ( GEOMETRIC_REPRESENTATION_CONTEXT(2)
PARAMETRIC_REPRESENTATION_CONTEXT() REPRESENTATION_CONTEXT('2D SPACE',''
  ) );
#4003 = ORIENTED_EDGE('',*,*,#4004,.T.);
#4004 = EDGE_CURVE('',#3982,#1243,#4005,.T.);
#4005 = SURFACE_CURVE('',#4006,(#4010,#4017),.PCURVE_S1.);
#4006 = LINE('',#4007,#4008);
#4007 = CARTESIAN_POINT('',(-31.,0.,6.));
#4008 = VECTOR('',#4009,1.);
#4009 = DIRECTION('',(0.,1.,0.));
#4010 = PCURVE('',#1075,#4011);
#4011 = DEFINITIONAL_REPRESENTATION('',(#4012),#4016);
#4012 = LINE('',#4013,#4014);
#4013 = CARTESIAN_POINT('',(0.,0.));
#4014 = VECTOR('',#4015,1.);
#4015 = DIRECTION('',(0.,-1.));
#4016 = ( GEOMETRIC_REPRESENTATION_CONTEXT(2)
PARAMETRIC_REPRESENTATION_CONTEXT() REPRESENTATION_CONTEXT('2D SPACE',''
  ) );
#4017 = PCURVE('',#154,#4018);
#4018 = DEFINITIONAL_REPRESENTATION('',(#4019),#4023);
#4019 = LINE('',#4020,#4021);
#4020 = CARTESIAN_POINT('',(0.,0.));
#4021 = VECTOR('',#4022,1.);
#4022 = DIRECTION('',(0.,1.));
#4023 = ( GEOMETRIC_REPRESENTATION_CONTEXT(2)
PARAMETRIC_REPRESENTATION_CONTEXT() REPRESENTATION_CONTEXT('2D SPACE',''
  ) );
#4024 = ORIENTED_EDGE('',*,*,#1242,.T.);
#4025 = ADVANCED_FACE('',(#4026,#4053),#971,.T.);
#4026 = FACE_BOUND('',#4027,.T.);
#4027 = EDGE_LOOP('',(#4028,#4050,#4051,#4052));
#4028 = ORIENTED_EDGE('',*,*,#4029,.T.);
#4029 = EDGE_CURVE('',#3982,#933,#4030,.T.);
#4030 = SURFACE_CURVE('',#4031,(#4036,#4043),.PCURVE_S1.);
#4031 = CIRCLE('',#4032,3.);
#4032 = AXIS2_PLACEMENT_3D('',#4033,#4034,#4035);
#4033 = CARTESIAN_POINT('',(-28.,3.,6.));
#4034 = DIRECTION('',(0.,0.,1.));
#4035 = DIRECTION('',(0.,-1.,0.));
#4036 = PCURVE('',#971,#4037);
#4037 = DEFINITIONAL_REPRESENTATION('',(#4038),#4042);
#4038 = LINE('',#4039,#4040);
#4039 = CARTESIAN_POINT('',(-4.712388980385,0.));
#4040 = VECTOR('',#4041,1.);
#4041 = DIRECTION('',(1.,0.));
#4042 = ( GEOMETRIC_REPRESENTATION_CONTEXT(2)
PARAMETRIC_REPRESENTATION_CONTEXT() REPRESENTATION_CONTEXT('2D SPACE',''
  ) );
#4043 = PCURVE('',#154,#4044);
#4044 = DEFINITIONAL_REPRESENTATION('',(#4045),#4049);
#4045 = CIRCLE('',#4046,3.);
#4046 = AXIS2_PLACEMENT_2D('',#4047,#4048);
#4047 = CARTESIAN_POINT('',(3.,3.));
#4048 = DIRECTION('',(0.,-1.));
#4049 = ( GEOMETRIC_REPRESENTATION_CONTEXT(2)
PARAMETRIC_REPRESENTATION_CONTEXT() REPRESENTATION_CONTEXT('2D SPACE',''
  ) );
#4050 = ORIENTED_EDGE('',*,*,#955,.T.);
#4051 = ORIENTED_EDGE('',*,*,#1087,.F.);
#4052 = ORIENTED_EDGE('',*,*,#3981,.F.);
#4053 = FACE_BOUND('',#4054,.T.);
#4054 = EDGE_LOOP('',(#4055,#4091,#4117));
#4055 = ORIENTED_EDGE('',*,*,#4056,.F.);
#4056 = EDGE_CURVE('',#4057,#4059,#4061,.T.);
#4057 = VERTEX_POINT('',#4058);
#4058 = CARTESIAN_POINT('',(-30.5,1.341687604822,8.971775219984));
#4059 = VERTEX_POINT('',#4060);
#4060 = CARTESIAN_POINT('',(-30.40882941624,1.211833105262,
    9.387029168943));
#4061 = SURFACE_CURVE('',#4062,(#4067,#4079),.PCURVE_S1.);
#4062 = ELLIPSE('',#4063,10.051648719811,3.);
#4063 = AXIS2_PLACEMENT_3D('',#4064,#4065,#4066);
#4064 = CARTESIAN_POINT('',(-28.,3.,3.668757049349));
#4065 = DIRECTION('',(0.,0.954422612758,0.298458500056));
#4066 = DIRECTION('',(0.,-0.298458500056,0.954422612758));
#4067 = PCURVE('',#971,#4068);
#4068 = DEFINITIONAL_REPRESENTATION('',(#4069),#4078);
#4069 = B_SPLINE_CURVE_WITH_KNOTS('',7,(#4070,#4071,#4072,#4073,#4074,
    #4075,#4076,#4077),.UNSPECIFIED.,.F.,.F.,(8,8),(4.957848142941,
    5.764403800923),.PIECEWISE_BEZIER_KNOTS.);
#4070 = CARTESIAN_POINT('',(0.245459162556,-6.000000043471E-07));
#4071 = CARTESIAN_POINT('',(0.360681399411,1.072253296048));
#4072 = CARTESIAN_POINT('',(0.475903636265,2.108398873248));
#4073 = CARTESIAN_POINT('',(0.591125873121,3.085185249204));
#4074 = CARTESIAN_POINT('',(0.706348109975,3.980534569896));
#4075 = CARTESIAN_POINT('',(0.82157034683,4.774808050727));
#4076 = CARTESIAN_POINT('',(0.936792583684,5.451925069194));
#4077 = CARTESIAN_POINT('',(1.052014820539,6.0000006));
#4078 = ( GEOMETRIC_REPRESENTATION_CONTEXT(2)
PARAMETRIC_REPRESENTATION_CONTEXT() REPRESENTATION_CONTEXT('2D SPACE',''
  ) );
#4079 = PCURVE('',#4080,#4085);
#4080 = PLANE('',#4081);
#4081 = AXIS2_PLACEMENT_3D('',#4082,#4083,#4084);
#4082 = CARTESIAN_POINT('',(-30.5,1.211833105262,9.387029168943));
#4083 = DIRECTION('',(0.,0.954422612758,0.298458500056));
#4084 = DIRECTION('',(1.,0.,0.));
#4085 = DEFINITIONAL_REPRESENTATION('',(#4086),#4090);
#4086 = ELLIPSE('',#4087,10.051648719811,3.);
#4087 = AXIS2_PLACEMENT_2D('',#4088,#4089);
#4088 = CARTESIAN_POINT('',(2.5,5.9913418261));
#4089 = DIRECTION('',(0.,-1.));
#4090 = ( GEOMETRIC_REPRESENTATION_CONTEXT(2)
PARAMETRIC_REPRESENTATION_CONTEXT() REPRESENTATION_CONTEXT('2D SPACE',''
  ) );
#4091 = ORIENTED_EDGE('',*,*,#4092,.T.);
#4092 = EDGE_CURVE('',#4057,#4093,#4095,.T.);
#4093 = VERTEX_POINT('',#4094);
#4094 = CARTESIAN_POINT('',(-30.5,1.341687604822,9.427636106212));
#4095 = SURFACE_CURVE('',#4096,(#4100,#4106),.PCURVE_S1.);
#4096 = LINE('',#4097,#4098);
#4097 = CARTESIAN_POINT('',(-30.5,1.341687604822,6.));
#4098 = VECTOR('',#4099,1.);
#4099 = DIRECTION('',(0.,0.,1.));
#4100 = PCURVE('',#971,#4101);
#4101 = DEFINITIONAL_REPRESENTATION('',(#4102),#4105);
#4102 = B_SPLINE_CURVE_WITH_KNOTS('',1,(#4103,#4104),.UNSPECIFIED.,.F.,
  .F.,(2,2),(0.626390518695,6.0000006),.PIECEWISE_BEZIER_KNOTS.);
#4103 = CARTESIAN_POINT('',(0.585685543457,0.626390518695));
#4104 = CARTESIAN_POINT('',(0.585685543457,6.0000006));
#4105 = ( GEOMETRIC_REPRESENTATION_CONTEXT(2)
PARAMETRIC_REPRESENTATION_CONTEXT() REPRESENTATION_CONTEXT('2D SPACE',''
  ) );
#4106 = PCURVE('',#4107,#4112);
#4107 = PLANE('',#4108);
#4108 = AXIS2_PLACEMENT_3D('',#4109,#4110,#4111);
#4109 = CARTESIAN_POINT('',(-30.5,1.211833105262,9.387029168943));
#4110 = DIRECTION('',(1.,0.,0.));
#4111 = DIRECTION('',(0.,0.954422612758,0.298458500056));
#4112 = DEFINITIONAL_REPRESENTATION('',(#4113),#4116);
#4113 = B_SPLINE_CURVE_WITH_KNOTS('',1,(#4114,#4115),.UNSPECIFIED.,.F.,
  .F.,(2,2),(0.626390518695,6.0000006),.PIECEWISE_BEZIER_KNOTS.);
#4114 = CARTESIAN_POINT('',(-0.7,-2.673572132616));
#4115 = CARTESIAN_POINT('',(0.90379960475,2.455122841128));
#4116 = ( GEOMETRIC_REPRESENTATION_CONTEXT(2)
PARAMETRIC_REPRESENTATION_CONTEXT() REPRESENTATION_CONTEXT('2D SPACE',''
  ) );
#4117 = ORIENTED_EDGE('',*,*,#4118,.F.);
#4118 = EDGE_CURVE('',#4059,#4093,#4119,.T.);
#4119 = SURFACE_CURVE('',#4120,(#4125,#4136),.PCURVE_S1.);
#4120 = ELLIPSE('',#4121,3.143261653587,3.);
#4121 = AXIS2_PLACEMENT_3D('',#4122,#4123,#4124);
#4122 = CARTESIAN_POINT('',(-28.,3.,9.946208721186));
#4123 = DIRECTION('',(0.,0.298458500056,-0.954422612758));
#4124 = DIRECTION('',(0.,0.954422612758,0.298458500056));
#4125 = PCURVE('',#971,#4126);
#4126 = DEFINITIONAL_REPRESENTATION('',(#4127),#4135);
#4127 = B_SPLINE_CURVE_WITH_KNOTS('',6,(#4128,#4129,#4130,#4131,#4132,
    #4133,#4134),.UNSPECIFIED.,.F.,.F.,(7,7),(3.753151097188,
    4.712388980385),.PIECEWISE_BEZIER_KNOTS.);
#4128 = CARTESIAN_POINT('',(0.959237883197,3.178108218904));
#4129 = CARTESIAN_POINT('',(0.799364902664,3.264219587952));
#4130 = CARTESIAN_POINT('',(0.639491922131,3.373888863067));
#4131 = CARTESIAN_POINT('',(0.479618941599,3.503159334469));
#4132 = CARTESIAN_POINT('',(0.319745961066,3.646245156765));
#4133 = CARTESIAN_POINT('',(0.159872980533,3.796226577014));
#4134 = CARTESIAN_POINT('',(1.480297366167E-16,3.946208721186));
#4135 = ( GEOMETRIC_REPRESENTATION_CONTEXT(2)
PARAMETRIC_REPRESENTATION_CONTEXT() REPRESENTATION_CONTEXT('2D SPACE',''
  ) );
#4136 = PCURVE('',#4137,#4142);
#4137 = PLANE('',#4138);
#4138 = AXIS2_PLACEMENT_3D('',#4139,#4140,#4141);
#4139 = CARTESIAN_POINT('',(-30.5,1.211833105262,9.387029168943));
#4140 = DIRECTION('',(0.,0.298458500056,-0.954422612758));
#4141 = DIRECTION('',(0.,0.954422612758,0.298458500056));
#4142 = DEFINITIONAL_REPRESENTATION('',(#4143),#4147);
#4143 = ELLIPSE('',#4144,3.143261653587,3.);
#4144 = AXIS2_PLACEMENT_2D('',#4145,#4146);
#4145 = CARTESIAN_POINT('',(1.873558810148,2.5));
#4146 = DIRECTION('',(1.,0.));
#4147 = ( GEOMETRIC_REPRESENTATION_CONTEXT(2)
PARAMETRIC_REPRESENTATION_CONTEXT() REPRESENTATION_CONTEXT('2D SPACE',''
  ) );
#4148 = ADVANCED_FACE('',(#4149),#4107,.F.);
#4149 = FACE_BOUND('',#4150,.F.);
#4150 = EDGE_LOOP('',(#4151,#4174,#4195));
#4151 = ORIENTED_EDGE('',*,*,#4152,.F.);
#4152 = EDGE_CURVE('',#4153,#4093,#4155,.T.);
#4153 = VERTEX_POINT('',#4154);
#4154 = CARTESIAN_POINT('',(-30.5,1.211833105262,9.387029168943));
#4155 = SURFACE_CURVE('',#4156,(#4160,#4167),.PCURVE_S1.);
#4156 = LINE('',#4157,#4158);
#4157 = CARTESIAN_POINT('',(-30.5,1.211833105262,9.387029168943));
#4158 = VECTOR('',#4159,1.);
#4159 = DIRECTION('',(0.,0.954422612758,0.298458500056));
#4160 = PCURVE('',#4107,#4161);
#4161 = DEFINITIONAL_REPRESENTATION('',(#4162),#4166);
#4162 = LINE('',#4163,#4164);
#4163 = CARTESIAN_POINT('',(0.,0.));
#4164 = VECTOR('',#4165,1.);
#4165 = DIRECTION('',(1.,0.));
#4166 = ( GEOMETRIC_REPRESENTATION_CONTEXT(2)
PARAMETRIC_REPRESENTATION_CONTEXT() REPRESENTATION_CONTEXT('2D SPACE',''
  ) );
#4167 = PCURVE('',#4137,#4168);
#4168 = DEFINITIONAL_REPRESENTATION('',(#4169),#4173);
#4169 = LINE('',#4170,#4171);
#4170 = CARTESIAN_POINT('',(0.,0.));
#4171 = VECTOR('',#4172,1.);
#4172 = DIRECTION('',(1.,0.));
#4173 = ( GEOMETRIC_REPRESENTATION_CONTEXT(2)
PARAMETRIC_REPRESENTATION_CONTEXT() REPRESENTATION_CONTEXT('2D SPACE',''
  ) );
#4174 = ORIENTED_EDGE('',*,*,#4175,.T.);
#4175 = EDGE_CURVE('',#4153,#4057,#4176,.T.);
#4176 = SURFACE_CURVE('',#4177,(#4181,#4188),.PCURVE_S1.);
#4177 = LINE('',#4178,#4179);
#4178 = CARTESIAN_POINT('',(-30.5,1.211833105262,9.387029168943));
#4179 = VECTOR('',#4180,1.);
#4180 = DIRECTION('',(0.,0.298458500056,-0.954422612758));
#4181 = PCURVE('',#4107,#4182);
#4182 = DEFINITIONAL_REPRESENTATION('',(#4183),#4187);
#4183 = LINE('',#4184,#4185);
#4184 = CARTESIAN_POINT('',(0.,0.));
#4185 = VECTOR('',#4186,1.);
#4186 = DIRECTION('',(0.,-1.));
#4187 = ( GEOMETRIC_REPRESENTATION_CONTEXT(2)
PARAMETRIC_REPRESENTATION_CONTEXT() REPRESENTATION_CONTEXT('2D SPACE',''
  ) );
#4188 = PCURVE('',#4080,#4189);
#4189 = DEFINITIONAL_REPRESENTATION('',(#4190),#4194);
#4190 = LINE('',#4191,#4192);
#4191 = CARTESIAN_POINT('',(0.,0.));
#4192 = VECTOR('',#4193,1.);
#4193 = DIRECTION('',(0.,1.));
#4194 = ( GEOMETRIC_REPRESENTATION_CONTEXT(2)
PARAMETRIC_REPRESENTATION_CONTEXT() REPRESENTATION_CONTEXT('2D SPACE',''
  ) );
#4195 = ORIENTED_EDGE('',*,*,#4092,.T.);
#4196 = ADVANCED_FACE('',(#4197),#4137,.F.);
#4197 = FACE_BOUND('',#4198,.F.);
#4198 = EDGE_LOOP('',(#4199,#4220,#4221));
#4199 = ORIENTED_EDGE('',*,*,#4200,.F.);
#4200 = EDGE_CURVE('',#4153,#4059,#4201,.T.);
#4201 = SURFACE_CURVE('',#4202,(#4206,#4213),.PCURVE_S1.);
#4202 = LINE('',#4203,#4204);
#4203 = CARTESIAN_POINT('',(-30.5,1.211833105262,9.387029168943));
#4204 = VECTOR('',#4205,1.);
#4205 = DIRECTION('',(1.,0.,0.));
#4206 = PCURVE('',#4137,#4207);
#4207 = DEFINITIONAL_REPRESENTATION('',(#4208),#4212);
#4208 = LINE('',#4209,#4210);
#4209 = CARTESIAN_POINT('',(0.,0.));
#4210 = VECTOR('',#4211,1.);
#4211 = DIRECTION('',(0.,1.));
#4212 = ( GEOMETRIC_REPRESENTATION_CONTEXT(2)
PARAMETRIC_REPRESENTATION_CONTEXT() REPRESENTATION_CONTEXT('2D SPACE',''
  ) );
#4213 = PCURVE('',#4080,#4214);
#4214 = DEFINITIONAL_REPRESENTATION('',(#4215),#4219);
#4215 = LINE('',#4216,#4217);
#4216 = CARTESIAN_POINT('',(0.,0.));
#4217 = VECTOR('',#4218,1.);
#4218 = DIRECTION('',(1.,0.));
#4219 = ( GEOMETRIC_REPRESENTATION_CONTEXT(2)
PARAMETRIC_REPRESENTATION_CONTEXT() REPRESENTATION_CONTEXT('2D SPACE',''
  ) );
#4220 = ORIENTED_EDGE('',*,*,#4152,.T.);
#4221 = ORIENTED_EDGE('',*,*,#4118,.F.);
#4222 = ADVANCED_FACE('',(#4223),#4080,.F.);
#4223 = FACE_BOUND('',#4224,.F.);
#4224 = EDGE_LOOP('',(#4225,#4226,#4227));
#4225 = ORIENTED_EDGE('',*,*,#4175,.F.);
#4226 = ORIENTED_EDGE('',*,*,#4200,.T.);
#4227 = ORIENTED_EDGE('',*,*,#4056,.F.);
#4228 = ADVANCED_FACE('',(#4229,#4255),#706,.T.);
#4229 = FACE_BOUND('',#4230,.F.);
#4230 = EDGE_LOOP('',(#4231,#4232,#4233,#4234));
#4231 = ORIENTED_EDGE('',*,*,#685,.T.);
#4232 = ORIENTED_EDGE('',*,*,#1011,.T.);
#4233 = ORIENTED_EDGE('',*,*,#1110,.F.);
#4234 = ORIENTED_EDGE('',*,*,#4235,.F.);
#4235 = EDGE_CURVE('',#686,#1111,#4236,.T.);
#4236 = SURFACE_CURVE('',#4237,(#4241,#4248),.PCURVE_S1.);
#4237 = LINE('',#4238,#4239);
#4238 = CARTESIAN_POINT('',(45.,3.,6.));
#4239 = VECTOR('',#4240,1.);
#4240 = DIRECTION('',(0.,0.,1.));
#4241 = PCURVE('',#706,#4242);
#4242 = DEFINITIONAL_REPRESENTATION('',(#4243),#4247);
#4243 = LINE('',#4244,#4245);
#4244 = CARTESIAN_POINT('',(-0.,0.));
#4245 = VECTOR('',#4246,1.);
#4246 = DIRECTION('',(-0.,1.));
#4247 = ( GEOMETRIC_REPRESENTATION_CONTEXT(2)
PARAMETRIC_REPRESENTATION_CONTEXT() REPRESENTATION_CONTEXT('2D SPACE',''
  ) );
#4248 = PCURVE('',#734,#4249);
#4249 = DEFINITIONAL_REPRESENTATION('',(#4250),#4254);
#4250 = LINE('',#4251,#4252);
#4251 = CARTESIAN_POINT('',(0.,-3.));
#4252 = VECTOR('',#4253,1.);
#4253 = DIRECTION('',(1.,0.));
#4254 = ( GEOMETRIC_REPRESENTATION_CONTEXT(2)
PARAMETRIC_REPRESENTATION_CONTEXT() REPRESENTATION_CONTEXT('2D SPACE',''
  ) );
#4255 = FACE_BOUND('',#4256,.F.);
#4256 = EDGE_LOOP('',(#4257,#4293,#4319));
#4257 = ORIENTED_EDGE('',*,*,#4258,.T.);
#4258 = EDGE_CURVE('',#4259,#4261,#4263,.T.);
#4259 = VERTEX_POINT('',#4260);
#4260 = CARTESIAN_POINT('',(44.408829416244,1.211833105262,
    9.387029168943));
#4261 = VERTEX_POINT('',#4262);
#4262 = CARTESIAN_POINT('',(44.5,1.341687604822,8.971775219984));
#4263 = SURFACE_CURVE('',#4264,(#4269,#4281),.PCURVE_S1.);
#4264 = ELLIPSE('',#4265,10.051648719811,3.);
#4265 = AXIS2_PLACEMENT_3D('',#4266,#4267,#4268);
#4266 = CARTESIAN_POINT('',(42.,3.,3.668757049349));
#4267 = DIRECTION('',(0.,0.954422612758,0.298458500056));
#4268 = DIRECTION('',(0.,-0.298458500056,0.954422612758));
#4269 = PCURVE('',#706,#4270);
#4270 = DEFINITIONAL_REPRESENTATION('',(#4271),#4280);
#4271 = B_SPLINE_CURVE_WITH_KNOTS('',7,(#4272,#4273,#4274,#4275,#4276,
    #4277,#4278,#4279),.UNSPECIFIED.,.F.,.F.,(8,8),(0.518781506256,
    1.325337164239),.PIECEWISE_BEZIER_KNOTS.);
#4272 = CARTESIAN_POINT('',(-1.052014820539,6.0000006));
#4273 = CARTESIAN_POINT('',(-0.936792583684,5.451925069194));
#4274 = CARTESIAN_POINT('',(-0.821570346829,4.774808050727));
#4275 = CARTESIAN_POINT('',(-0.706348109975,3.980534569894));
#4276 = CARTESIAN_POINT('',(-0.59112587312,3.085185249205));
#4277 = CARTESIAN_POINT('',(-0.475903636265,2.108398873247));
#4278 = CARTESIAN_POINT('',(-0.360681399411,1.072253296048));
#4279 = CARTESIAN_POINT('',(-0.245459162556,-6.000000016826E-07));
#4280 = ( GEOMETRIC_REPRESENTATION_CONTEXT(2)
PARAMETRIC_REPRESENTATION_CONTEXT() REPRESENTATION_CONTEXT('2D SPACE',''
  ) );
#4281 = PCURVE('',#4282,#4287);
#4282 = PLANE('',#4283);
#4283 = AXIS2_PLACEMENT_3D('',#4284,#4285,#4286);
#4284 = CARTESIAN_POINT('',(37.5,1.211833105262,9.387029168943));
#4285 = DIRECTION('',(0.,0.954422612758,0.298458500056));
#4286 = DIRECTION('',(1.,0.,0.));
#4287 = DEFINITIONAL_REPRESENTATION('',(#4288),#4292);
#4288 = ELLIPSE('',#4289,10.051648719811,3.);
#4289 = AXIS2_PLACEMENT_2D('',#4290,#4291);
#4290 = CARTESIAN_POINT('',(4.5,5.9913418261));
#4291 = DIRECTION('',(0.,-1.));
#4292 = ( GEOMETRIC_REPRESENTATION_CONTEXT(2)
PARAMETRIC_REPRESENTATION_CONTEXT() REPRESENTATION_CONTEXT('2D SPACE',''
  ) );
#4293 = ORIENTED_EDGE('',*,*,#4294,.T.);
#4294 = EDGE_CURVE('',#4261,#4295,#4297,.T.);
#4295 = VERTEX_POINT('',#4296);
#4296 = CARTESIAN_POINT('',(44.5,1.341687604822,9.427636106212));
#4297 = SURFACE_CURVE('',#4298,(#4302,#4308),.PCURVE_S1.);
#4298 = LINE('',#4299,#4300);
#4299 = CARTESIAN_POINT('',(44.5,1.341687604822,6.));
#4300 = VECTOR('',#4301,1.);
#4301 = DIRECTION('',(0.,0.,1.));
#4302 = PCURVE('',#706,#4303);
#4303 = DEFINITIONAL_REPRESENTATION('',(#4304),#4307);
#4304 = B_SPLINE_CURVE_WITH_KNOTS('',1,(#4305,#4306),.UNSPECIFIED.,.F.,
  .F.,(2,2),(0.626390518695,6.0000006),.PIECEWISE_BEZIER_KNOTS.);
#4305 = CARTESIAN_POINT('',(-0.585685543457,0.626390518695));
#4306 = CARTESIAN_POINT('',(-0.585685543457,6.0000006));
#4307 = ( GEOMETRIC_REPRESENTATION_CONTEXT(2)
PARAMETRIC_REPRESENTATION_CONTEXT() REPRESENTATION_CONTEXT('2D SPACE',''
  ) );
#4308 = PCURVE('',#4309,#4314);
#4309 = PLANE('',#4310);
#4310 = AXIS2_PLACEMENT_3D('',#4311,#4312,#4313);
#4311 = CARTESIAN_POINT('',(44.5,1.211833105262,9.387029168943));
#4312 = DIRECTION('',(1.,0.,0.));
#4313 = DIRECTION('',(0.,0.954422612758,0.298458500056));
#4314 = DEFINITIONAL_REPRESENTATION('',(#4315),#4318);
#4315 = B_SPLINE_CURVE_WITH_KNOTS('',1,(#4316,#4317),.UNSPECIFIED.,.F.,
  .F.,(2,2),(0.626390518695,6.0000006),.PIECEWISE_BEZIER_KNOTS.);
#4316 = CARTESIAN_POINT('',(-0.7,-2.673572132616));
#4317 = CARTESIAN_POINT('',(0.90379960475,2.455122841128));
#4318 = ( GEOMETRIC_REPRESENTATION_CONTEXT(2)
PARAMETRIC_REPRESENTATION_CONTEXT() REPRESENTATION_CONTEXT('2D SPACE',''
  ) );
#4319 = ORIENTED_EDGE('',*,*,#4320,.T.);
#4320 = EDGE_CURVE('',#4295,#4259,#4321,.T.);
#4321 = SURFACE_CURVE('',#4322,(#4327,#4338),.PCURVE_S1.);
#4322 = ELLIPSE('',#4323,3.143261653587,3.);
#4323 = AXIS2_PLACEMENT_3D('',#4324,#4325,#4326);
#4324 = CARTESIAN_POINT('',(42.,3.,9.946208721186));
#4325 = DIRECTION('',(0.,0.298458500056,-0.954422612758));
#4326 = DIRECTION('',(0.,0.954422612758,0.298458500056));
#4327 = PCURVE('',#706,#4328);
#4328 = DEFINITIONAL_REPRESENTATION('',(#4329),#4337);
#4329 = B_SPLINE_CURVE_WITH_KNOTS('',6,(#4330,#4331,#4332,#4333,#4334,
    #4335,#4336),.UNSPECIFIED.,.F.,.F.,(7,7),(1.570796326795,
    2.530034209992),.PIECEWISE_BEZIER_KNOTS.);
#4330 = CARTESIAN_POINT('',(0.,3.946208721186));
#4331 = CARTESIAN_POINT('',(-0.159872980533,3.796226577014));
#4332 = CARTESIAN_POINT('',(-0.319745961066,3.646245156765));
#4333 = CARTESIAN_POINT('',(-0.479618941599,3.503159334469));
#4334 = CARTESIAN_POINT('',(-0.639491922131,3.373888863067));
#4335 = CARTESIAN_POINT('',(-0.799364902664,3.264219587952));
#4336 = CARTESIAN_POINT('',(-0.959237883197,3.178108218904));
#4337 = ( GEOMETRIC_REPRESENTATION_CONTEXT(2)
PARAMETRIC_REPRESENTATION_CONTEXT() REPRESENTATION_CONTEXT('2D SPACE',''
  ) );
#4338 = PCURVE('',#4339,#4344);
#4339 = PLANE('',#4340);
#4340 = AXIS2_PLACEMENT_3D('',#4341,#4342,#4343);
#4341 = CARTESIAN_POINT('',(37.5,1.211833105262,9.387029168943));
#4342 = DIRECTION('',(0.,0.298458500056,-0.954422612758));
#4343 = DIRECTION('',(0.,0.954422612758,0.298458500056));
#4344 = DEFINITIONAL_REPRESENTATION('',(#4345),#4349);
#4345 = ELLIPSE('',#4346,3.143261653587,3.);
#4346 = AXIS2_PLACEMENT_2D('',#4347,#4348);
#4347 = CARTESIAN_POINT('',(1.873558810148,4.5));
#4348 = DIRECTION('',(1.,0.));
#4349 = ( GEOMETRIC_REPRESENTATION_CONTEXT(2)
PARAMETRIC_REPRESENTATION_CONTEXT() REPRESENTATION_CONTEXT('2D SPACE',''
  ) );
#4350 = ADVANCED_FACE('',(#4351),#4309,.T.);
#4351 = FACE_BOUND('',#4352,.T.);
#4352 = EDGE_LOOP('',(#4353,#4376,#4397));
#4353 = ORIENTED_EDGE('',*,*,#4354,.F.);
#4354 = EDGE_CURVE('',#4355,#4295,#4357,.T.);
#4355 = VERTEX_POINT('',#4356);
#4356 = CARTESIAN_POINT('',(44.5,1.211833105262,9.387029168943));
#4357 = SURFACE_CURVE('',#4358,(#4362,#4369),.PCURVE_S1.);
#4358 = LINE('',#4359,#4360);
#4359 = CARTESIAN_POINT('',(44.5,1.211833105262,9.387029168943));
#4360 = VECTOR('',#4361,1.);
#4361 = DIRECTION('',(0.,0.954422612758,0.298458500056));
#4362 = PCURVE('',#4309,#4363);
#4363 = DEFINITIONAL_REPRESENTATION('',(#4364),#4368);
#4364 = LINE('',#4365,#4366);
#4365 = CARTESIAN_POINT('',(0.,0.));
#4366 = VECTOR('',#4367,1.);
#4367 = DIRECTION('',(1.,0.));
#4368 = ( GEOMETRIC_REPRESENTATION_CONTEXT(2)
PARAMETRIC_REPRESENTATION_CONTEXT() REPRESENTATION_CONTEXT('2D SPACE',''
  ) );
#4369 = PCURVE('',#4339,#4370);
#4370 = DEFINITIONAL_REPRESENTATION('',(#4371),#4375);
#4371 = LINE('',#4372,#4373);
#4372 = CARTESIAN_POINT('',(0.,7.));
#4373 = VECTOR('',#4374,1.);
#4374 = DIRECTION('',(1.,0.));
#4375 = ( GEOMETRIC_REPRESENTATION_CONTEXT(2)
PARAMETRIC_REPRESENTATION_CONTEXT() REPRESENTATION_CONTEXT('2D SPACE',''
  ) );
#4376 = ORIENTED_EDGE('',*,*,#4377,.T.);
#4377 = EDGE_CURVE('',#4355,#4261,#4378,.T.);
#4378 = SURFACE_CURVE('',#4379,(#4383,#4390),.PCURVE_S1.);
#4379 = LINE('',#4380,#4381);
#4380 = CARTESIAN_POINT('',(44.5,1.211833105262,9.387029168943));
#4381 = VECTOR('',#4382,1.);
#4382 = DIRECTION('',(0.,0.298458500056,-0.954422612758));
#4383 = PCURVE('',#4309,#4384);
#4384 = DEFINITIONAL_REPRESENTATION('',(#4385),#4389);
#4385 = LINE('',#4386,#4387);
#4386 = CARTESIAN_POINT('',(0.,0.));
#4387 = VECTOR('',#4388,1.);
#4388 = DIRECTION('',(0.,-1.));
#4389 = ( GEOMETRIC_REPRESENTATION_CONTEXT(2)
PARAMETRIC_REPRESENTATION_CONTEXT() REPRESENTATION_CONTEXT('2D SPACE',''
  ) );
#4390 = PCURVE('',#4282,#4391);
#4391 = DEFINITIONAL_REPRESENTATION('',(#4392),#4396);
#4392 = LINE('',#4393,#4394);
#4393 = CARTESIAN_POINT('',(7.,0.));
#4394 = VECTOR('',#4395,1.);
#4395 = DIRECTION('',(0.,1.));
#4396 = ( GEOMETRIC_REPRESENTATION_CONTEXT(2)
PARAMETRIC_REPRESENTATION_CONTEXT() REPRESENTATION_CONTEXT('2D SPACE',''
  ) );
#4397 = ORIENTED_EDGE('',*,*,#4294,.T.);
#4398 = ADVANCED_FACE('',(#4399),#4339,.F.);
#4399 = FACE_BOUND('',#4400,.F.);
#4400 = EDGE_LOOP('',(#4401,#4422,#4423));
#4401 = ORIENTED_EDGE('',*,*,#4402,.F.);
#4402 = EDGE_CURVE('',#4259,#4355,#4403,.T.);
#4403 = SURFACE_CURVE('',#4404,(#4408,#4415),.PCURVE_S1.);
#4404 = LINE('',#4405,#4406);
#4405 = CARTESIAN_POINT('',(37.5,1.211833105262,9.387029168943));
#4406 = VECTOR('',#4407,1.);
#4407 = DIRECTION('',(1.,0.,0.));
#4408 = PCURVE('',#4339,#4409);
#4409 = DEFINITIONAL_REPRESENTATION('',(#4410),#4414);
#4410 = LINE('',#4411,#4412);
#4411 = CARTESIAN_POINT('',(0.,0.));
#4412 = VECTOR('',#4413,1.);
#4413 = DIRECTION('',(0.,1.));
#4414 = ( GEOMETRIC_REPRESENTATION_CONTEXT(2)
PARAMETRIC_REPRESENTATION_CONTEXT() REPRESENTATION_CONTEXT('2D SPACE',''
  ) );
#4415 = PCURVE('',#4282,#4416);
#4416 = DEFINITIONAL_REPRESENTATION('',(#4417),#4421);
#4417 = LINE('',#4418,#4419);
#4418 = CARTESIAN_POINT('',(0.,0.));
#4419 = VECTOR('',#4420,1.);
#4420 = DIRECTION('',(1.,0.));
#4421 = ( GEOMETRIC_REPRESENTATION_CONTEXT(2)
PARAMETRIC_REPRESENTATION_CONTEXT() REPRESENTATION_CONTEXT('2D SPACE',''
  ) );
#4422 = ORIENTED_EDGE('',*,*,#4320,.F.);
#4423 = ORIENTED_EDGE('',*,*,#4354,.F.);
#4424 = ADVANCED_FACE('',(#4425),#4282,.F.);
#4425 = FACE_BOUND('',#4426,.F.);
#4426 = EDGE_LOOP('',(#4427,#4428,#4429));
#4427 = ORIENTED_EDGE('',*,*,#4258,.F.);
#4428 = ORIENTED_EDGE('',*,*,#4402,.T.);
#4429 = ORIENTED_EDGE('',*,*,#4377,.T.);
#4430 = ADVANCED_FACE('',(#4431),#734,.T.);
#4431 = FACE_BOUND('',#4432,.T.);
#4432 = EDGE_LOOP('',(#4433,#4434,#4435,#4436));
#4433 = ORIENTED_EDGE('',*,*,#1138,.F.);
#4434 = ORIENTED_EDGE('',*,*,#4235,.F.);
#4435 = ORIENTED_EDGE('',*,*,#718,.T.);
#4436 = ORIENTED_EDGE('',*,*,#4437,.T.);
#4437 = EDGE_CURVE('',#719,#1139,#4438,.T.);
#4438 = SURFACE_CURVE('',#4439,(#4443,#4450),.PCURVE_S1.);
#4439 = LINE('',#4440,#4441);
#4440 = CARTESIAN_POINT('',(45.,7.,6.));
#4441 = VECTOR('',#4442,1.);
#4442 = DIRECTION('',(0.,0.,1.));
#4443 = PCURVE('',#734,#4444);
#4444 = DEFINITIONAL_REPRESENTATION('',(#4445),#4449);
#4445 = LINE('',#4446,#4447);
#4446 = CARTESIAN_POINT('',(0.,-7.));
#4447 = VECTOR('',#4448,1.);
#4448 = DIRECTION('',(1.,0.));
#4449 = ( GEOMETRIC_REPRESENTATION_CONTEXT(2)
PARAMETRIC_REPRESENTATION_CONTEXT() REPRESENTATION_CONTEXT('2D SPACE',''
  ) );
#4450 = PCURVE('',#763,#4451);
#4451 = DEFINITIONAL_REPRESENTATION('',(#4452),#4456);
#4452 = LINE('',#4453,#4454);
#4453 = CARTESIAN_POINT('',(0.,0.));
#4454 = VECTOR('',#4455,1.);
#4455 = DIRECTION('',(0.,1.));
#4456 = ( GEOMETRIC_REPRESENTATION_CONTEXT(2)
PARAMETRIC_REPRESENTATION_CONTEXT() REPRESENTATION_CONTEXT('2D SPACE',''
  ) );
#4457 = ADVANCED_FACE('',(#4458),#790,.T.);
#4458 = FACE_BOUND('',#4459,.T.);
#4459 = EDGE_LOOP('',(#4460,#4461,#4482,#4483,#4484,#4485,#4486,#4487,
    #4510));
#4460 = ORIENTED_EDGE('',*,*,#775,.F.);
#4461 = ORIENTED_EDGE('',*,*,#4462,.T.);
#4462 = EDGE_CURVE('',#776,#2425,#4463,.T.);
#4463 = SURFACE_CURVE('',#4464,(#4468,#4475),.PCURVE_S1.);
#4464 = LINE('',#4465,#4466);
#4465 = CARTESIAN_POINT('',(44.5,1.211833105262,9.387029168943));
#4466 = VECTOR('',#4467,1.);
#4467 = DIRECTION('',(0.,0.298458500056,-0.954422612758));
#4468 = PCURVE('',#790,#4469);
#4469 = DEFINITIONAL_REPRESENTATION('',(#4470),#4474);
#4470 = LINE('',#4471,#4472);
#4471 = CARTESIAN_POINT('',(0.,0.));
#4472 = VECTOR('',#4473,1.);
#4473 = DIRECTION('',(0.,-1.));
#4474 = ( GEOMETRIC_REPRESENTATION_CONTEXT(2)
PARAMETRIC_REPRESENTATION_CONTEXT() REPRESENTATION_CONTEXT('2D SPACE',''
  ) );
#4475 = PCURVE('',#816,#4476);
#4476 = DEFINITIONAL_REPRESENTATION('',(#4477),#4481);
#4477 = LINE('',#4478,#4479);
#4478 = CARTESIAN_POINT('',(7.,0.));
#4479 = VECTOR('',#4480,1.);
#4480 = DIRECTION('',(0.,1.));
#4481 = ( GEOMETRIC_REPRESENTATION_CONTEXT(2)
PARAMETRIC_REPRESENTATION_CONTEXT() REPRESENTATION_CONTEXT('2D SPACE',''
  ) );
#4482 = ORIENTED_EDGE('',*,*,#2549,.T.);
#4483 = ORIENTED_EDGE('',*,*,#2682,.T.);
#4484 = ORIENTED_EDGE('',*,*,#3251,.T.);
#4485 = ORIENTED_EDGE('',*,*,#2627,.F.);
#4486 = ORIENTED_EDGE('',*,*,#2467,.T.);
#4487 = ORIENTED_EDGE('',*,*,#4488,.F.);
#4488 = EDGE_CURVE('',#4489,#2447,#4491,.T.);
#4489 = VERTEX_POINT('',#4490);
#4490 = CARTESIAN_POINT('',(44.5,8.658312395178,9.028224780016));
#4491 = SURFACE_CURVE('',#4492,(#4496,#4503),.PCURVE_S1.);
#4492 = LINE('',#4493,#4494);
#4493 = CARTESIAN_POINT('',(44.5,7.892791394571,11.476238669332));
#4494 = VECTOR('',#4495,1.);
#4495 = DIRECTION('',(0.,0.298458500056,-0.954422612758));
#4496 = PCURVE('',#790,#4497);
#4497 = DEFINITIONAL_REPRESENTATION('',(#4498),#4502);
#4498 = LINE('',#4499,#4500);
#4499 = CARTESIAN_POINT('',(7.,-2.22044604925E-16));
#4500 = VECTOR('',#4501,1.);
#4501 = DIRECTION('',(0.,-1.));
#4502 = ( GEOMETRIC_REPRESENTATION_CONTEXT(2)
PARAMETRIC_REPRESENTATION_CONTEXT() REPRESENTATION_CONTEXT('2D SPACE',''
  ) );
#4503 = PCURVE('',#868,#4504);
#4504 = DEFINITIONAL_REPRESENTATION('',(#4505),#4509);
#4505 = LINE('',#4506,#4507);
#4506 = CARTESIAN_POINT('',(7.,0.));
#4507 = VECTOR('',#4508,1.);
#4508 = DIRECTION('',(0.,1.));
#4509 = ( GEOMETRIC_REPRESENTATION_CONTEXT(2)
PARAMETRIC_REPRESENTATION_CONTEXT() REPRESENTATION_CONTEXT('2D SPACE',''
  ) );
#4510 = ORIENTED_EDGE('',*,*,#4511,.F.);
#4511 = EDGE_CURVE('',#747,#4489,#4512,.T.);
#4512 = SURFACE_CURVE('',#4513,(#4517,#4523),.PCURVE_S1.);
#4513 = LINE('',#4514,#4515);
#4514 = CARTESIAN_POINT('',(44.5,8.658312395178,6.));
#4515 = VECTOR('',#4516,1.);
#4516 = DIRECTION('',(0.,0.,1.));
#4517 = PCURVE('',#790,#4518);
#4518 = DEFINITIONAL_REPRESENTATION('',(#4519),#4522);
#4519 = B_SPLINE_CURVE_WITH_KNOTS('',1,(#4520,#4521),.UNSPECIFIED.,.F.,
  .F.,(2,2),(-5.999999999062E-07,5.373609481306),
  .PIECEWISE_BEZIER_KNOTS.);
#4520 = CARTESIAN_POINT('',(6.09620039525,-5.455122841128));
#4521 = CARTESIAN_POINT('',(7.7,-0.326427867384));
#4522 = ( GEOMETRIC_REPRESENTATION_CONTEXT(2)
PARAMETRIC_REPRESENTATION_CONTEXT() REPRESENTATION_CONTEXT('2D SPACE',''
  ) );
#4523 = PCURVE('',#763,#4524);
#4524 = DEFINITIONAL_REPRESENTATION('',(#4525),#4528);
#4525 = B_SPLINE_CURVE_WITH_KNOTS('',1,(#4526,#4527),.UNSPECIFIED.,.F.,
  .F.,(2,2),(-5.999999999062E-07,5.373609481306),
  .PIECEWISE_BEZIER_KNOTS.);
#4526 = CARTESIAN_POINT('',(0.585685543457,-5.999999999062E-07));
#4527 = CARTESIAN_POINT('',(0.585685543457,5.373609481306));
#4528 = ( GEOMETRIC_REPRESENTATION_CONTEXT(2)
PARAMETRIC_REPRESENTATION_CONTEXT() REPRESENTATION_CONTEXT('2D SPACE',''
  ) );
#4529 = ADVANCED_FACE('',(#4530),#816,.F.);
#4530 = FACE_BOUND('',#4531,.F.);
#4531 = EDGE_LOOP('',(#4532,#4553,#4554,#4555,#4556,#4557));
#4532 = ORIENTED_EDGE('',*,*,#4533,.F.);
#4533 = EDGE_CURVE('',#802,#2272,#4534,.T.);
#4534 = SURFACE_CURVE('',#4535,(#4539,#4546),.PCURVE_S1.);
#4535 = LINE('',#4536,#4537);
#4536 = CARTESIAN_POINT('',(37.5,1.211833105262,9.387029168943));
#4537 = VECTOR('',#4538,1.);
#4538 = DIRECTION('',(0.,0.298458500056,-0.954422612758));
#4539 = PCURVE('',#816,#4540);
#4540 = DEFINITIONAL_REPRESENTATION('',(#4541),#4545);
#4541 = LINE('',#4542,#4543);
#4542 = CARTESIAN_POINT('',(0.,0.));
#4543 = VECTOR('',#4544,1.);
#4544 = DIRECTION('',(0.,1.));
#4545 = ( GEOMETRIC_REPRESENTATION_CONTEXT(2)
PARAMETRIC_REPRESENTATION_CONTEXT() REPRESENTATION_CONTEXT('2D SPACE',''
  ) );
#4546 = PCURVE('',#842,#4547);
#4547 = DEFINITIONAL_REPRESENTATION('',(#4548),#4552);
#4548 = LINE('',#4549,#4550);
#4549 = CARTESIAN_POINT('',(0.,0.));
#4550 = VECTOR('',#4551,1.);
#4551 = DIRECTION('',(0.,-1.));
#4552 = ( GEOMETRIC_REPRESENTATION_CONTEXT(2)
PARAMETRIC_REPRESENTATION_CONTEXT() REPRESENTATION_CONTEXT('2D SPACE',''
  ) );
#4553 = ORIENTED_EDGE('',*,*,#801,.F.);
#4554 = ORIENTED_EDGE('',*,*,#4462,.T.);
#4555 = ORIENTED_EDGE('',*,*,#2424,.T.);
#4556 = ORIENTED_EDGE('',*,*,#2336,.F.);
#4557 = ORIENTED_EDGE('',*,*,#2271,.T.);
#4558 = ADVANCED_FACE('',(#4559),#842,.F.);
#4559 = FACE_BOUND('',#4560,.F.);
#4560 = EDGE_LOOP('',(#4561,#4582,#4583,#4584));
#4561 = ORIENTED_EDGE('',*,*,#4562,.F.);
#4562 = EDGE_CURVE('',#828,#2293,#4563,.T.);
#4563 = SURFACE_CURVE('',#4564,(#4568,#4575),.PCURVE_S1.);
#4564 = LINE('',#4565,#4566);
#4565 = CARTESIAN_POINT('',(37.5,7.892791394571,11.476238669332));
#4566 = VECTOR('',#4567,1.);
#4567 = DIRECTION('',(0.,0.298458500056,-0.954422612758));
#4568 = PCURVE('',#842,#4569);
#4569 = DEFINITIONAL_REPRESENTATION('',(#4570),#4574);
#4570 = LINE('',#4571,#4572);
#4571 = CARTESIAN_POINT('',(7.,-2.22044604925E-16));
#4572 = VECTOR('',#4573,1.);
#4573 = DIRECTION('',(0.,-1.));
#4574 = ( GEOMETRIC_REPRESENTATION_CONTEXT(2)
PARAMETRIC_REPRESENTATION_CONTEXT() REPRESENTATION_CONTEXT('2D SPACE',''
  ) );
#4575 = PCURVE('',#868,#4576);
#4576 = DEFINITIONAL_REPRESENTATION('',(#4577),#4581);
#4577 = LINE('',#4578,#4579);
#4578 = CARTESIAN_POINT('',(0.,0.));
#4579 = VECTOR('',#4580,1.);
#4580 = DIRECTION('',(0.,1.));
#4581 = ( GEOMETRIC_REPRESENTATION_CONTEXT(2)
PARAMETRIC_REPRESENTATION_CONTEXT() REPRESENTATION_CONTEXT('2D SPACE',''
  ) );
#4582 = ORIENTED_EDGE('',*,*,#827,.F.);
#4583 = ORIENTED_EDGE('',*,*,#4533,.T.);
#4584 = ORIENTED_EDGE('',*,*,#2292,.T.);
#4585 = ADVANCED_FACE('',(#4586),#868,.T.);
#4586 = FACE_BOUND('',#4587,.T.);
#4587 = EDGE_LOOP('',(#4588,#4589,#4590,#4617,#4618,#4619,#4620));
#4588 = ORIENTED_EDGE('',*,*,#4562,.F.);
#4589 = ORIENTED_EDGE('',*,*,#853,.F.);
#4590 = ORIENTED_EDGE('',*,*,#4591,.F.);
#4591 = EDGE_CURVE('',#4489,#854,#4592,.T.);
#4592 = SURFACE_CURVE('',#4593,(#4598,#4605),.PCURVE_S1.);
#4593 = ELLIPSE('',#4594,10.051648719811,3.);
#4594 = AXIS2_PLACEMENT_3D('',#4595,#4596,#4597);
#4595 = CARTESIAN_POINT('',(42.,7.,14.331242950651));
#4596 = DIRECTION('',(0.,0.954422612758,0.298458500056));
#4597 = DIRECTION('',(0.,-0.298458500056,0.954422612758));
#4598 = PCURVE('',#868,#4599);
#4599 = DEFINITIONAL_REPRESENTATION('',(#4600),#4604);
#4600 = ELLIPSE('',#4601,10.051648719811,3.);
#4601 = AXIS2_PLACEMENT_2D('',#4602,#4603);
#4602 = CARTESIAN_POINT('',(4.5,-2.9913418261));
#4603 = DIRECTION('',(0.,-1.));
#4604 = ( GEOMETRIC_REPRESENTATION_CONTEXT(2)
PARAMETRIC_REPRESENTATION_CONTEXT() REPRESENTATION_CONTEXT('2D SPACE',''
  ) );
#4605 = PCURVE('',#763,#4606);
#4606 = DEFINITIONAL_REPRESENTATION('',(#4607),#4616);
#4607 = B_SPLINE_CURVE_WITH_KNOTS('',7,(#4608,#4609,#4610,#4611,#4612,
    #4613,#4614,#4615),.UNSPECIFIED.,.F.,.F.,(8,8),(1.816255489351,
    2.622811147334),.PIECEWISE_BEZIER_KNOTS.);
#4608 = CARTESIAN_POINT('',(0.245459162556,6.0000006));
#4609 = CARTESIAN_POINT('',(0.360681399411,4.927746703952));
#4610 = CARTESIAN_POINT('',(0.475903636266,3.891601126752));
#4611 = CARTESIAN_POINT('',(0.59112587312,2.914814750797));
#4612 = CARTESIAN_POINT('',(0.706348109975,2.019465430104));
#4613 = CARTESIAN_POINT('',(0.821570346829,1.225191949273));
#4614 = CARTESIAN_POINT('',(0.936792583684,0.548074930806));
#4615 = CARTESIAN_POINT('',(1.052014820539,-6.000000034589E-07));
#4616 = ( GEOMETRIC_REPRESENTATION_CONTEXT(2)
PARAMETRIC_REPRESENTATION_CONTEXT() REPRESENTATION_CONTEXT('2D SPACE',''
  ) );
#4617 = ORIENTED_EDGE('',*,*,#4488,.T.);
#4618 = ORIENTED_EDGE('',*,*,#2446,.T.);
#4619 = ORIENTED_EDGE('',*,*,#2396,.F.);
#4620 = ORIENTED_EDGE('',*,*,#2313,.T.);
#4621 = ADVANCED_FACE('',(#4622),#763,.T.);
#4622 = FACE_BOUND('',#4623,.T.);
#4623 = EDGE_LOOP('',(#4624,#4625,#4626,#4627,#4628,#4629,#4650));
#4624 = ORIENTED_EDGE('',*,*,#4437,.F.);
#4625 = ORIENTED_EDGE('',*,*,#746,.T.);
#4626 = ORIENTED_EDGE('',*,*,#4511,.T.);
#4627 = ORIENTED_EDGE('',*,*,#4591,.T.);
#4628 = ORIENTED_EDGE('',*,*,#879,.T.);
#4629 = ORIENTED_EDGE('',*,*,#4630,.T.);
#4630 = EDGE_CURVE('',#880,#1162,#4631,.T.);
#4631 = SURFACE_CURVE('',#4632,(#4636,#4643),.PCURVE_S1.);
#4632 = LINE('',#4633,#4634);
#4633 = CARTESIAN_POINT('',(42.,10.,6.));
#4634 = VECTOR('',#4635,1.);
#4635 = DIRECTION('',(0.,0.,1.));
#4636 = PCURVE('',#763,#4637);
#4637 = DEFINITIONAL_REPRESENTATION('',(#4638),#4642);
#4638 = LINE('',#4639,#4640);
#4639 = CARTESIAN_POINT('',(1.570796326795,0.));
#4640 = VECTOR('',#4641,1.);
#4641 = DIRECTION('',(0.,1.));
#4642 = ( GEOMETRIC_REPRESENTATION_CONTEXT(2)
PARAMETRIC_REPRESENTATION_CONTEXT() REPRESENTATION_CONTEXT('2D SPACE',''
  ) );
#4643 = PCURVE('',#917,#4644);
#4644 = DEFINITIONAL_REPRESENTATION('',(#4645),#4649);
#4645 = LINE('',#4646,#4647);
#4646 = CARTESIAN_POINT('',(0.,73.));
#4647 = VECTOR('',#4648,1.);
#4648 = DIRECTION('',(1.,0.));
#4649 = ( GEOMETRIC_REPRESENTATION_CONTEXT(2)
PARAMETRIC_REPRESENTATION_CONTEXT() REPRESENTATION_CONTEXT('2D SPACE',''
  ) );
#4650 = ORIENTED_EDGE('',*,*,#1161,.F.);
#4651 = ADVANCED_FACE('',(#4652),#917,.T.);
#4652 = FACE_BOUND('',#4653,.T.);
#4653 = EDGE_LOOP('',(#4654,#4675,#4676,#4677,#4678,#4679));
#4654 = ORIENTED_EDGE('',*,*,#4655,.F.);
#4655 = EDGE_CURVE('',#1354,#113,#4656,.T.);
#4656 = SURFACE_CURVE('',#4657,(#4661,#4668),.PCURVE_S1.);
#4657 = LINE('',#4658,#4659);
#4658 = CARTESIAN_POINT('',(-31.,10.,6.));
#4659 = VECTOR('',#4660,1.);
#4660 = DIRECTION('',(1.,0.,0.));
#4661 = PCURVE('',#917,#4662);
#4662 = DEFINITIONAL_REPRESENTATION('',(#4663),#4667);
#4663 = LINE('',#4664,#4665);
#4664 = CARTESIAN_POINT('',(0.,0.));
#4665 = VECTOR('',#4666,1.);
#4666 = DIRECTION('',(0.,1.));
#4667 = ( GEOMETRIC_REPRESENTATION_CONTEXT(2)
PARAMETRIC_REPRESENTATION_CONTEXT() REPRESENTATION_CONTEXT('2D SPACE',''
  ) );
#4668 = PCURVE('',#154,#4669);
#4669 = DEFINITIONAL_REPRESENTATION('',(#4670),#4674);
#4670 = LINE('',#4671,#4672);
#4671 = CARTESIAN_POINT('',(0.,10.));
#4672 = VECTOR('',#4673,1.);
#4673 = DIRECTION('',(1.,0.));
#4674 = ( GEOMETRIC_REPRESENTATION_CONTEXT(2)
PARAMETRIC_REPRESENTATION_CONTEXT() REPRESENTATION_CONTEXT('2D SPACE',''
  ) );
#4675 = ORIENTED_EDGE('',*,*,#1381,.T.);
#4676 = ORIENTED_EDGE('',*,*,#1185,.T.);
#4677 = ORIENTED_EDGE('',*,*,#4630,.F.);
#4678 = ORIENTED_EDGE('',*,*,#903,.F.);
#4679 = ORIENTED_EDGE('',*,*,#4680,.F.);
#4680 = EDGE_CURVE('',#113,#605,#4681,.T.);
#4681 = SURFACE_CURVE('',#4682,(#4686,#4693),.PCURVE_S1.);
#4682 = LINE('',#4683,#4684);
#4683 = CARTESIAN_POINT('',(-31.,10.,6.));
#4684 = VECTOR('',#4685,1.);
#4685 = DIRECTION('',(1.,0.,0.));
#4686 = PCURVE('',#917,#4687);
#4687 = DEFINITIONAL_REPRESENTATION('',(#4688),#4692);
#4688 = LINE('',#4689,#4690);
#4689 = CARTESIAN_POINT('',(0.,0.));
#4690 = VECTOR('',#4691,1.);
#4691 = DIRECTION('',(0.,1.));
#4692 = ( GEOMETRIC_REPRESENTATION_CONTEXT(2)
PARAMETRIC_REPRESENTATION_CONTEXT() REPRESENTATION_CONTEXT('2D SPACE',''
  ) );
#4693 = PCURVE('',#4694,#4699);
#4694 = PLANE('',#4695);
#4695 = AXIS2_PLACEMENT_3D('',#4696,#4697,#4698);
#4696 = CARTESIAN_POINT('',(-22.,-14.,6.));
#4697 = DIRECTION('',(0.,0.,1.));
#4698 = DIRECTION('',(1.,0.,0.));
#4699 = DEFINITIONAL_REPRESENTATION('',(#4700),#4704);
#4700 = LINE('',#4701,#4702);
#4701 = CARTESIAN_POINT('',(-9.,24.));
#4702 = VECTOR('',#4703,1.);
#4703 = DIRECTION('',(1.,0.));
#4704 = ( GEOMETRIC_REPRESENTATION_CONTEXT(2)
PARAMETRIC_REPRESENTATION_CONTEXT() REPRESENTATION_CONTEXT('2D SPACE',''
  ) );
#4705 = ADVANCED_FACE('',(#4706),#4694,.T.);
#4706 = FACE_BOUND('',#4707,.T.);
#4707 = EDGE_LOOP('',(#4708,#4736,#4737,#4761));
#4708 = ORIENTED_EDGE('',*,*,#4709,.F.);
#4709 = EDGE_CURVE('',#113,#4710,#4712,.T.);
#4710 = VERTEX_POINT('',#4711);
#4711 = CARTESIAN_POINT('',(-18.,14.,6.));
#4712 = SURFACE_CURVE('',#4713,(#4718,#4729),.PCURVE_S1.);
#4713 = CIRCLE('',#4714,4.);
#4714 = AXIS2_PLACEMENT_3D('',#4715,#4716,#4717);
#4715 = CARTESIAN_POINT('',(-18.,10.,6.));
#4716 = DIRECTION('',(-0.,-0.,-1.));
#4717 = DIRECTION('',(0.,-1.,0.));
#4718 = PCURVE('',#4694,#4719);
#4719 = DEFINITIONAL_REPRESENTATION('',(#4720),#4728);
#4720 = ( BOUNDED_CURVE() B_SPLINE_CURVE(2,(#4721,#4722,#4723,#4724,
#4725,#4726,#4727),.UNSPECIFIED.,.T.,.F.) B_SPLINE_CURVE_WITH_KNOTS((1,2
    ,2,2,2,1),(-2.094395102393,0.,2.094395102393,4.188790204786,
6.28318530718,8.377580409573),.UNSPECIFIED.) CURVE()
GEOMETRIC_REPRESENTATION_ITEM() RATIONAL_B_SPLINE_CURVE((1.,0.5,1.,0.5,
1.,0.5,1.)) REPRESENTATION_ITEM('') );
#4721 = CARTESIAN_POINT('',(4.,20.));
#4722 = CARTESIAN_POINT('',(-2.928203230276,20.));
#4723 = CARTESIAN_POINT('',(0.535898384862,26.));
#4724 = CARTESIAN_POINT('',(4.,32.));
#4725 = CARTESIAN_POINT('',(7.464101615138,26.));
#4726 = CARTESIAN_POINT('',(10.928203230276,20.));
#4727 = CARTESIAN_POINT('',(4.,20.));
#4728 = ( GEOMETRIC_REPRESENTATION_CONTEXT(2)
PARAMETRIC_REPRESENTATION_CONTEXT() REPRESENTATION_CONTEXT('2D SPACE',''
  ) );
#4729 = PCURVE('',#128,#4730);
#4730 = DEFINITIONAL_REPRESENTATION('',(#4731),#4735);
#4731 = LINE('',#4732,#4733);
#4732 = CARTESIAN_POINT('',(1.570796326795,6.));
#4733 = VECTOR('',#4734,1.);
#4734 = DIRECTION('',(-1.,0.));
#4735 = ( GEOMETRIC_REPRESENTATION_CONTEXT(2)
PARAMETRIC_REPRESENTATION_CONTEXT() REPRESENTATION_CONTEXT('2D SPACE',''
  ) );
#4736 = ORIENTED_EDGE('',*,*,#4680,.T.);
#4737 = ORIENTED_EDGE('',*,*,#4738,.T.);
#4738 = EDGE_CURVE('',#605,#4739,#4741,.T.);
#4739 = VERTEX_POINT('',#4740);
#4740 = CARTESIAN_POINT('',(18.,14.,6.));
#4741 = SURFACE_CURVE('',#4742,(#4747,#4754),.PCURVE_S1.);
#4742 = CIRCLE('',#4743,4.);
#4743 = AXIS2_PLACEMENT_3D('',#4744,#4745,#4746);
#4744 = CARTESIAN_POINT('',(18.,10.,6.));
#4745 = DIRECTION('',(0.,0.,1.));
#4746 = DIRECTION('',(0.,-1.,0.));
#4747 = PCURVE('',#4694,#4748);
#4748 = DEFINITIONAL_REPRESENTATION('',(#4749),#4753);
#4749 = CIRCLE('',#4750,4.);
#4750 = AXIS2_PLACEMENT_2D('',#4751,#4752);
#4751 = CARTESIAN_POINT('',(40.,24.));
#4752 = DIRECTION('',(0.,-1.));
#4753 = ( GEOMETRIC_REPRESENTATION_CONTEXT(2)
PARAMETRIC_REPRESENTATION_CONTEXT() REPRESENTATION_CONTEXT('2D SPACE',''
  ) );
#4754 = PCURVE('',#300,#4755);
#4755 = DEFINITIONAL_REPRESENTATION('',(#4756),#4760);
#4756 = LINE('',#4757,#4758);
#4757 = CARTESIAN_POINT('',(-1.570796326795,6.));
#4758 = VECTOR('',#4759,1.);
#4759 = DIRECTION('',(1.,0.));
#4760 = ( GEOMETRIC_REPRESENTATION_CONTEXT(2)
PARAMETRIC_REPRESENTATION_CONTEXT() REPRESENTATION_CONTEXT('2D SPACE',''
  ) );
#4761 = ORIENTED_EDGE('',*,*,#4762,.F.);
#4762 = EDGE_CURVE('',#4710,#4739,#4763,.T.);
#4763 = SURFACE_CURVE('',#4764,(#4768,#4775),.PCURVE_S1.);
#4764 = LINE('',#4765,#4766);
#4765 = CARTESIAN_POINT('',(-22.,14.,6.));
#4766 = VECTOR('',#4767,1.);
#4767 = DIRECTION('',(1.,0.,0.));
#4768 = PCURVE('',#4694,#4769);
#4769 = DEFINITIONAL_REPRESENTATION('',(#4770),#4774);
#4770 = LINE('',#4771,#4772);
#4771 = CARTESIAN_POINT('',(0.,28.));
#4772 = VECTOR('',#4773,1.);
#4773 = DIRECTION('',(1.,0.));
#4774 = ( GEOMETRIC_REPRESENTATION_CONTEXT(2)
PARAMETRIC_REPRESENTATION_CONTEXT() REPRESENTATION_CONTEXT('2D SPACE',''
  ) );
#4775 = PCURVE('',#328,#4776);
#4776 = DEFINITIONAL_REPRESENTATION('',(#4777),#4781);
#4777 = LINE('',#4778,#4779);
#4778 = CARTESIAN_POINT('',(6.,0.));
#4779 = VECTOR('',#4780,1.);
#4780 = DIRECTION('',(0.,1.));
#4781 = ( GEOMETRIC_REPRESENTATION_CONTEXT(2)
PARAMETRIC_REPRESENTATION_CONTEXT() REPRESENTATION_CONTEXT('2D SPACE',''
  ) );
#4782 = ADVANCED_FACE('',(#4783),#300,.T.);
#4783 = FACE_BOUND('',#4784,.T.);
#4784 = EDGE_LOOP('',(#4785,#4786,#4807,#4808));
#4785 = ORIENTED_EDGE('',*,*,#283,.T.);
#4786 = ORIENTED_EDGE('',*,*,#4787,.T.);
#4787 = EDGE_CURVE('',#284,#4739,#4788,.T.);
#4788 = SURFACE_CURVE('',#4789,(#4793,#4800),.PCURVE_S1.);
#4789 = LINE('',#4790,#4791);
#4790 = CARTESIAN_POINT('',(18.,14.,0.));
#4791 = VECTOR('',#4792,1.);
#4792 = DIRECTION('',(0.,0.,1.));
#4793 = PCURVE('',#300,#4794);
#4794 = DEFINITIONAL_REPRESENTATION('',(#4795),#4799);
#4795 = LINE('',#4796,#4797);
#4796 = CARTESIAN_POINT('',(1.570796326795,0.));
#4797 = VECTOR('',#4798,1.);
#4798 = DIRECTION('',(0.,1.));
#4799 = ( GEOMETRIC_REPRESENTATION_CONTEXT(2)
PARAMETRIC_REPRESENTATION_CONTEXT() REPRESENTATION_CONTEXT('2D SPACE',''
  ) );
#4800 = PCURVE('',#328,#4801);
#4801 = DEFINITIONAL_REPRESENTATION('',(#4802),#4806);
#4802 = LINE('',#4803,#4804);
#4803 = CARTESIAN_POINT('',(0.,40.));
#4804 = VECTOR('',#4805,1.);
#4805 = DIRECTION('',(1.,0.));
#4806 = ( GEOMETRIC_REPRESENTATION_CONTEXT(2)
PARAMETRIC_REPRESENTATION_CONTEXT() REPRESENTATION_CONTEXT('2D SPACE',''
  ) );
#4807 = ORIENTED_EDGE('',*,*,#4738,.F.);
#4808 = ORIENTED_EDGE('',*,*,#604,.F.);
#4809 = ADVANCED_FACE('',(#4810),#243,.T.);
#4810 = FACE_BOUND('',#4811,.F.);
#4811 = EDGE_LOOP('',(#4812,#4813,#4836,#4862));
#4812 = ORIENTED_EDGE('',*,*,#222,.T.);
#4813 = ORIENTED_EDGE('',*,*,#4814,.T.);
#4814 = EDGE_CURVE('',#195,#4815,#4817,.T.);
#4815 = VERTEX_POINT('',#4816);
#4816 = CARTESIAN_POINT('',(18.,-14.,6.));
#4817 = SURFACE_CURVE('',#4818,(#4822,#4829),.PCURVE_S1.);
#4818 = LINE('',#4819,#4820);
#4819 = CARTESIAN_POINT('',(18.,-14.,0.));
#4820 = VECTOR('',#4821,1.);
#4821 = DIRECTION('',(0.,0.,1.));
#4822 = PCURVE('',#243,#4823);
#4823 = DEFINITIONAL_REPRESENTATION('',(#4824),#4828);
#4824 = LINE('',#4825,#4826);
#4825 = CARTESIAN_POINT('',(-1.570796326795,0.));
#4826 = VECTOR('',#4827,1.);
#4827 = DIRECTION('',(-0.,1.));
#4828 = ( GEOMETRIC_REPRESENTATION_CONTEXT(2)
PARAMETRIC_REPRESENTATION_CONTEXT() REPRESENTATION_CONTEXT('2D SPACE',''
  ) );
#4829 = PCURVE('',#210,#4830);
#4830 = DEFINITIONAL_REPRESENTATION('',(#4831),#4835);
#4831 = LINE('',#4832,#4833);
#4832 = CARTESIAN_POINT('',(0.,40.));
#4833 = VECTOR('',#4834,1.);
#4834 = DIRECTION('',(1.,0.));
#4835 = ( GEOMETRIC_REPRESENTATION_CONTEXT(2)
PARAMETRIC_REPRESENTATION_CONTEXT() REPRESENTATION_CONTEXT('2D SPACE',''
  ) );
#4836 = ORIENTED_EDGE('',*,*,#4837,.F.);
#4837 = EDGE_CURVE('',#558,#4815,#4838,.T.);
#4838 = SURFACE_CURVE('',#4839,(#4844,#4851),.PCURVE_S1.);
#4839 = CIRCLE('',#4840,4.);
#4840 = AXIS2_PLACEMENT_3D('',#4841,#4842,#4843);
#4841 = CARTESIAN_POINT('',(18.,-10.,6.));
#4842 = DIRECTION('',(-0.,-0.,-1.));
#4843 = DIRECTION('',(0.,-1.,0.));
#4844 = PCURVE('',#243,#4845);
#4845 = DEFINITIONAL_REPRESENTATION('',(#4846),#4850);
#4846 = LINE('',#4847,#4848);
#4847 = CARTESIAN_POINT('',(4.712388980385,6.));
#4848 = VECTOR('',#4849,1.);
#4849 = DIRECTION('',(-1.,0.));
#4850 = ( GEOMETRIC_REPRESENTATION_CONTEXT(2)
PARAMETRIC_REPRESENTATION_CONTEXT() REPRESENTATION_CONTEXT('2D SPACE',''
  ) );
#4851 = PCURVE('',#44,#4852);
#4852 = DEFINITIONAL_REPRESENTATION('',(#4853),#4861);
#4853 = ( BOUNDED_CURVE() B_SPLINE_CURVE(2,(#4854,#4855,#4856,#4857,
#4858,#4859,#4860),.UNSPECIFIED.,.T.,.F.) B_SPLINE_CURVE_WITH_KNOTS((1,2
    ,2,2,2,1),(-2.094395102393,0.,2.094395102393,4.188790204786,
6.28318530718,8.377580409573),.UNSPECIFIED.) CURVE()
GEOMETRIC_REPRESENTATION_ITEM() RATIONAL_B_SPLINE_CURVE((1.,0.5,1.,0.5,
1.,0.5,1.)) REPRESENTATION_ITEM('') );
#4854 = CARTESIAN_POINT('',(40.,0.));
#4855 = CARTESIAN_POINT('',(33.071796769724,0.));
#4856 = CARTESIAN_POINT('',(36.535898384862,6.));
#4857 = CARTESIAN_POINT('',(40.,12.));
#4858 = CARTESIAN_POINT('',(43.464101615138,6.));
#4859 = CARTESIAN_POINT('',(46.928203230276,6.217248937901E-15));
#4860 = CARTESIAN_POINT('',(40.,0.));
#4861 = ( GEOMETRIC_REPRESENTATION_CONTEXT(2)
PARAMETRIC_REPRESENTATION_CONTEXT() REPRESENTATION_CONTEXT('2D SPACE',''
  ) );
#4862 = ORIENTED_EDGE('',*,*,#582,.F.);
#4863 = ADVANCED_FACE('',(#4864),#328,.T.);
#4864 = FACE_BOUND('',#4865,.T.);
#4865 = EDGE_LOOP('',(#4866,#4867,#4888,#4889));
#4866 = ORIENTED_EDGE('',*,*,#312,.F.);
#4867 = ORIENTED_EDGE('',*,*,#4868,.T.);
#4868 = EDGE_CURVE('',#313,#4710,#4869,.T.);
#4869 = SURFACE_CURVE('',#4870,(#4874,#4881),.PCURVE_S1.);
#4870 = LINE('',#4871,#4872);
#4871 = CARTESIAN_POINT('',(-18.,14.,0.));
#4872 = VECTOR('',#4873,1.);
#4873 = DIRECTION('',(0.,0.,1.));
#4874 = PCURVE('',#328,#4875);
#4875 = DEFINITIONAL_REPRESENTATION('',(#4876),#4880);
#4876 = LINE('',#4877,#4878);
#4877 = CARTESIAN_POINT('',(0.,4.));
#4878 = VECTOR('',#4879,1.);
#4879 = DIRECTION('',(1.,0.));
#4880 = ( GEOMETRIC_REPRESENTATION_CONTEXT(2)
PARAMETRIC_REPRESENTATION_CONTEXT() REPRESENTATION_CONTEXT('2D SPACE',''
  ) );
#4881 = PCURVE('',#128,#4882);
#4882 = DEFINITIONAL_REPRESENTATION('',(#4883),#4887);
#4883 = LINE('',#4884,#4885);
#4884 = CARTESIAN_POINT('',(-1.570796326795,0.));
#4885 = VECTOR('',#4886,1.);
#4886 = DIRECTION('',(-0.,1.));
#4887 = ( GEOMETRIC_REPRESENTATION_CONTEXT(2)
PARAMETRIC_REPRESENTATION_CONTEXT() REPRESENTATION_CONTEXT('2D SPACE',''
  ) );
#4888 = ORIENTED_EDGE('',*,*,#4762,.T.);
#4889 = ORIENTED_EDGE('',*,*,#4787,.F.);
#4890 = ADVANCED_FACE('',(#4891),#210,.F.);
#4891 = FACE_BOUND('',#4892,.F.);
#4892 = EDGE_LOOP('',(#4893,#4894,#4917,#4938));
#4893 = ORIENTED_EDGE('',*,*,#194,.F.);
#4894 = ORIENTED_EDGE('',*,*,#4895,.T.);
#4895 = EDGE_CURVE('',#171,#4896,#4898,.T.);
#4896 = VERTEX_POINT('',#4897);
#4897 = CARTESIAN_POINT('',(-18.,-14.,6.));
#4898 = SURFACE_CURVE('',#4899,(#4903,#4910),.PCURVE_S1.);
#4899 = LINE('',#4900,#4901);
#4900 = CARTESIAN_POINT('',(-18.,-14.,0.));
#4901 = VECTOR('',#4902,1.);
#4902 = DIRECTION('',(0.,0.,1.));
#4903 = PCURVE('',#210,#4904);
#4904 = DEFINITIONAL_REPRESENTATION('',(#4905),#4909);
#4905 = LINE('',#4906,#4907);
#4906 = CARTESIAN_POINT('',(0.,4.));
#4907 = VECTOR('',#4908,1.);
#4908 = DIRECTION('',(1.,0.));
#4909 = ( GEOMETRIC_REPRESENTATION_CONTEXT(2)
PARAMETRIC_REPRESENTATION_CONTEXT() REPRESENTATION_CONTEXT('2D SPACE',''
  ) );
#4910 = PCURVE('',#72,#4911);
#4911 = DEFINITIONAL_REPRESENTATION('',(#4912),#4916);
#4912 = LINE('',#4913,#4914);
#4913 = CARTESIAN_POINT('',(1.570796326795,0.));
#4914 = VECTOR('',#4915,1.);
#4915 = DIRECTION('',(0.,1.));
#4916 = ( GEOMETRIC_REPRESENTATION_CONTEXT(2)
PARAMETRIC_REPRESENTATION_CONTEXT() REPRESENTATION_CONTEXT('2D SPACE',''
  ) );
#4917 = ORIENTED_EDGE('',*,*,#4918,.T.);
#4918 = EDGE_CURVE('',#4896,#4815,#4919,.T.);
#4919 = SURFACE_CURVE('',#4920,(#4924,#4931),.PCURVE_S1.);
#4920 = LINE('',#4921,#4922);
#4921 = CARTESIAN_POINT('',(-22.,-14.,6.));
#4922 = VECTOR('',#4923,1.);
#4923 = DIRECTION('',(1.,0.,0.));
#4924 = PCURVE('',#210,#4925);
#4925 = DEFINITIONAL_REPRESENTATION('',(#4926),#4930);
#4926 = LINE('',#4927,#4928);
#4927 = CARTESIAN_POINT('',(6.,0.));
#4928 = VECTOR('',#4929,1.);
#4929 = DIRECTION('',(0.,1.));
#4930 = ( GEOMETRIC_REPRESENTATION_CONTEXT(2)
PARAMETRIC_REPRESENTATION_CONTEXT() REPRESENTATION_CONTEXT('2D SPACE',''
  ) );
#4931 = PCURVE('',#44,#4932);
#4932 = DEFINITIONAL_REPRESENTATION('',(#4933),#4937);
#4933 = LINE('',#4934,#4935);
#4934 = CARTESIAN_POINT('',(0.,0.));
#4935 = VECTOR('',#4936,1.);
#4936 = DIRECTION('',(1.,0.));
#4937 = ( GEOMETRIC_REPRESENTATION_CONTEXT(2)
PARAMETRIC_REPRESENTATION_CONTEXT() REPRESENTATION_CONTEXT('2D SPACE',''
  ) );
#4938 = ORIENTED_EDGE('',*,*,#4814,.F.);
#4939 = ADVANCED_FACE('',(#4940),#128,.T.);
#4940 = FACE_BOUND('',#4941,.F.);
#4941 = EDGE_LOOP('',(#4942,#4943,#4944,#4945));
#4942 = ORIENTED_EDGE('',*,*,#340,.T.);
#4943 = ORIENTED_EDGE('',*,*,#4868,.T.);
#4944 = ORIENTED_EDGE('',*,*,#4709,.F.);
#4945 = ORIENTED_EDGE('',*,*,#112,.F.);
#4946 = ADVANCED_FACE('',(#4947),#72,.T.);
#4947 = FACE_BOUND('',#4948,.T.);
#4948 = EDGE_LOOP('',(#4949,#4950,#4951,#4973));
#4949 = ORIENTED_EDGE('',*,*,#170,.T.);
#4950 = ORIENTED_EDGE('',*,*,#4895,.T.);
#4951 = ORIENTED_EDGE('',*,*,#4952,.F.);
#4952 = EDGE_CURVE('',#22,#4896,#4953,.T.);
#4953 = SURFACE_CURVE('',#4954,(#4959,#4966),.PCURVE_S1.);
#4954 = CIRCLE('',#4955,4.);
#4955 = AXIS2_PLACEMENT_3D('',#4956,#4957,#4958);
#4956 = CARTESIAN_POINT('',(-18.,-10.,6.));
#4957 = DIRECTION('',(0.,0.,1.));
#4958 = DIRECTION('',(0.,-1.,0.));
#4959 = PCURVE('',#72,#4960);
#4960 = DEFINITIONAL_REPRESENTATION('',(#4961),#4965);
#4961 = LINE('',#4962,#4963);
#4962 = CARTESIAN_POINT('',(-4.712388980385,6.));
#4963 = VECTOR('',#4964,1.);
#4964 = DIRECTION('',(1.,0.));
#4965 = ( GEOMETRIC_REPRESENTATION_CONTEXT(2)
PARAMETRIC_REPRESENTATION_CONTEXT() REPRESENTATION_CONTEXT('2D SPACE',''
  ) );
#4966 = PCURVE('',#44,#4967);
#4967 = DEFINITIONAL_REPRESENTATION('',(#4968),#4972);
#4968 = CIRCLE('',#4969,4.);
#4969 = AXIS2_PLACEMENT_2D('',#4970,#4971);
#4970 = CARTESIAN_POINT('',(4.,4.));
#4971 = DIRECTION('',(0.,-1.));
#4972 = ( GEOMETRIC_REPRESENTATION_CONTEXT(2)
PARAMETRIC_REPRESENTATION_CONTEXT() REPRESENTATION_CONTEXT('2D SPACE',''
  ) );
#4973 = ORIENTED_EDGE('',*,*,#56,.F.);
#4974 = ADVANCED_FACE('',(#4975),#154,.F.);
#4975 = FACE_BOUND('',#4976,.F.);
#4976 = EDGE_LOOP('',(#4977,#4978,#4979,#4980,#4981,#4982,#4983,#4984,
    #4985,#4986,#4987));
#4977 = ORIENTED_EDGE('',*,*,#4004,.F.);
#4978 = ORIENTED_EDGE('',*,*,#4029,.T.);
#4979 = ORIENTED_EDGE('',*,*,#932,.T.);
#4980 = ORIENTED_EDGE('',*,*,#140,.T.);
#4981 = ORIENTED_EDGE('',*,*,#4655,.F.);
#4982 = ORIENTED_EDGE('',*,*,#1353,.F.);
#4983 = ORIENTED_EDGE('',*,*,#3952,.F.);
#4984 = ORIENTED_EDGE('',*,*,#1767,.F.);
#4985 = ORIENTED_EDGE('',*,*,#1615,.T.);
#4986 = ORIENTED_EDGE('',*,*,#1406,.T.);
#4987 = ORIENTED_EDGE('',*,*,#1265,.F.);
#4988 = ADVANCED_FACE('',(#4989),#44,.T.);
#4989 = FACE_BOUND('',#4990,.T.);
#4990 = EDGE_LOOP('',(#4991,#4992,#4993,#4994,#4995,#4996));
#4991 = ORIENTED_EDGE('',*,*,#21,.F.);
#4992 = ORIENTED_EDGE('',*,*,#4952,.T.);
#4993 = ORIENTED_EDGE('',*,*,#4918,.T.);
#4994 = ORIENTED_EDGE('',*,*,#4837,.F.);
#4995 = ORIENTED_EDGE('',*,*,#557,.T.);
#4996 = ORIENTED_EDGE('',*,*,#1033,.F.);
#4997 = ( GEOMETRIC_REPRESENTATION_CONTEXT(3)
GLOBAL_UNCERTAINTY_ASSIGNED_CONTEXT((#5001))
GLOBAL_UNIT_ASSIGNED_CONTEXT((#4998,#4999,#5000)) REPRESENTATION_CONTEXT
('Context #1','3D Context with UNIT and UNCERTAINTY') );
#4998 = ( LENGTH_UNIT() NAMED_UNIT(*) SI_UNIT(.MILLI.,.METRE.) );
#4999 = ( NAMED_UNIT(*) PLANE_ANGLE_UNIT() SI_UNIT($,.RADIAN.) );
#5000 = ( NAMED_UNIT(*) SI_UNIT($,.STERADIAN.) SOLID_ANGLE_UNIT() );
#5001 = UNCERTAINTY_MEASURE_WITH_UNIT(LENGTH_MEASURE(1.E-07),#4998,
  'distance_accuracy_value','confusion accuracy');
#5002 = PRODUCT_RELATED_PRODUCT_CATEGORY('part',$,(#7));
ENDSEC;
END-ISO-10303-21;
